num_difficult_words,fleisch_reading_ease,automated_readability_index,pronoun_fraction,noun_fraction,verb_fraction,adverb_fraction,is_mh_sw
27.5,95.16499999999999,3.5,0.07378535170413343,0.18676577229876723,0.26007976794778825,0.09456127628716461,1
0.0,0.0,0.0,0.0,0.0,0.0,0.0,1
36.375,85.12875,4.4125000000000005,0.07690689409643496,0.216527929284063,0.28025558734411626,0.08723623325069853,1
48.0,81.156,7.019999999999999,0.08151179272030398,0.21422838937267324,0.24763806955887654,0.07400941082825208,1
5.5,95.19999999999999,0.8500000000000001,0.07983193277310924,0.16806722689075632,0.27521008403361347,0.10084033613445378,1
55.0,27.813333333333333,32.800000000000004,0.06139405989776318,0.23778564284065554,0.22723158785630693,0.08343760840895809,1
68.0,74.765,7.95,0.08270501360279829,0.19251846094053635,0.2400505246793626,0.09335406140691799,1
30.666666666666668,80.62166666666667,5.416666666666667,0.0754468324640366,0.20664500307845354,0.29123093602257427,0.07621410131567025,1
27.384615384615383,59.889230769230764,11.523076923076925,0.07885505004941606,0.22873785342365277,0.2376372942216513,0.0888319823176226,1
110.5,82.91999999999999,6.7,0.10105128968778618,0.19651490649172076,0.24694591577992225,0.09517971013685972,1
34.0,71.95,6.65,0.0824829931972789,0.20613662131519275,0.25772392290249435,0.13747165532879818,1
27.5,67.69,12.2,0.08740017746228926,0.19698314108251996,0.23269742679680566,0.14152617568766637,1
12.666666666666666,92.96666666666665,2.3666666666666667,0.07196969696969698,0.1704925191767297,0.26070858965595806,0.06539074960127592,1
70.0,80.31,6.3,0.06963788300835655,0.20612813370473537,0.3064066852367688,0.07242339832869081,1
114.0,76.775,5.300000000000001,0.05730913395146972,0.21313649415839198,0.3247627189233029,0.06636198242037658,1
42.5,77.825,8.75,0.06595732671031836,0.2007789568751411,0.26044253781892074,0.10425603973808986,1
48.0,77.62,8.3,0.05417252695733708,0.2369198312236287,0.2406235349273324,0.0956165025785279,1
154.5,77.895,9.4,0.11524268136586976,0.20749205169495025,0.2539225401544242,0.07417987943350263,1
55.25,72.9175,9.424999999999999,0.07369251370405322,0.19767459891000486,0.24858932587007526,0.11241034058709867,1
26.8,83.368,3.4799999999999995,0.059978537140252454,0.18304770485656421,0.3112406747903682,0.08449503581777044,1
151.0,81.43,5.6,0.06181015452538632,0.206401766004415,0.2704194260485651,0.09713024282560706,1
50.0,73.68,7.35,0.0972137893813668,0.2156783377184106,0.2210416245024624,0.08891587397962625,1
20.5,81.39500000000001,7.3,0.09673274596182085,0.19566813509544786,0.2988252569750367,0.058278267254038174,1
36.5,75.135,8.149999999999999,0.09004887585532748,0.20404692082111436,0.25614858260019546,0.07407624633431084,1
89.0,76.89,6.6,0.08295385549483911,0.24635701275045538,0.22745901639344263,0.05312689738919247,1
32.5,81.97,8.600000000000001,0.09372211369172515,0.1780623688589827,0.26967416732990857,0.10025806140414345,1
76.0,81.93333333333332,5.066666666666666,0.07917755858998969,0.22631356459438035,0.2902537050650998,0.043293617998537655,1
101.5,80.25999999999999,7.7,0.05172129966870383,0.19168467189332677,0.26369528983270574,0.10849846698355865,1
71.0,76.22999999999999,6.85,0.06602281368821293,0.21236501901140684,0.2800912547528517,0.09019518377693282,1
88.66666666666667,75.65666666666665,9.433333333333334,0.10070731888913707,0.20707070707070707,0.23686248231702778,0.08700766882585065,1
85.0,81.475,7.05,0.07869012707722385,0.22772890192245032,0.26392961876832843,0.08351254480286738,1
120.0,80.41,6.65,0.09253246753246754,0.19480519480519481,0.2662337662337662,0.1038961038961039,1
195.5,83.05,5.050000000000001,0.1066074725158177,0.21481742946251314,0.25119482034608365,0.06281424106536214,1
74.33333333333333,79.33,6.766666666666667,0.07068151147098516,0.23254048582995954,0.24515013495276652,0.08961707152496627,1
76.5,85.76,5.9,0.07747638919393807,0.23852954096200307,0.2645233911706567,0.08728311003733802,1
58.666666666666664,80.44666666666666,6.933333333333333,0.08849146897927386,0.21657977267733367,0.24077197247928953,0.07369238100945417,1
0.0,0.0,0.0,0.0,0.0,0.0,0.0,1
42.5,81.765,4.5,0.03389830508474576,0.22146892655367234,0.2115819209039548,0.2593220338983051,1
11.6,88.214,2.1799999999999997,0.06419084021568493,0.18381384660887767,0.2619351352581166,0.11080904602643735,1
28.0,62.07,12.6,0.06761419035475887,0.19766744168604217,0.26490662266556664,0.07995199879997,1
67.0,41.775000000000006,23.6,0.07514204545454545,0.2317526223776224,0.24075611888111886,0.07834353146853147,1
41.666666666666664,79.54333333333334,6.366666666666667,0.09903110814868392,0.1957309255407916,0.2749604857239785,0.09833871656326293,1
66.5,66.32,8.6,0.0916244511989193,0.16149949341438702,0.293515704154002,0.07912867274569402,1
30.0,85.15,5.7,0.07901234567901234,0.2734567901234568,0.25925925925925924,0.04259259259259259,1
54.333333333333336,40.996,27.259999999999998,0.09512479635075444,0.20564799914632603,0.23449567619317693,0.10271983839598049,1
32.75,76.42625000000001,7.6000000000000005,0.06354917185225926,0.20527688638362832,0.27722544000353283,0.11419352490279924,1
15.666666666666666,84.84333333333333,4.366666666666666,0.05908130183992253,0.2679575596816976,0.26824975790493033,0.054115616184581695,1
14.333333333333334,87.28000000000002,4.0,0.07579217005570049,0.17778135794641525,0.3177313048790769,0.08002543074625727,1
35.0,79.195,7.0,0.05793650793650794,0.21082251082251083,0.28409090909090906,0.08387445887445888,1
24.5,71.485,10.399999999999999,0.06586021505376344,0.23022273425499232,0.2619047619047619,0.09197388632872504,1
53.5,78.465,5.300000000000001,0.1040454606954404,0.18449803815451227,0.2655594642132323,0.11062440806386145,1
50.5,-2.230000000000004,27.45,0.08159217138323195,0.28471303887860355,0.23842898704046547,0.06651679449880984,1
18.0,89.388,3.6,0.06987586938806452,0.20238437375632498,0.2654685219929122,0.12251985142229045,1
11.5,84.965,2.5,0.023809523809523808,0.17559523809523808,0.29464285714285715,0.16666666666666666,1
0.0,0.0,0.0,0.0,0.0,0.0,0.0,1
10.5,80.535,8.05,0.12004801920768307,0.1992797118847539,0.24009603841536614,0.12004801920768307,1
33.5,69.84,8.95,0.09555555555555556,0.21362573099415205,0.2323391812865497,0.09970760233918129,1
85.0,81.02,6.8,0.09651474530831099,0.21179624664879357,0.22788203753351208,0.09919571045576407,1
73.0,87.85499999999999,5.55,0.12124552477859431,0.16859807801017523,0.24184096476351988,0.1348407763331449,1
40.0,84.88,3.8,0.09947643979057591,0.19895287958115182,0.20418848167539266,0.1256544502617801,1
7.6,93.30600000000001,5.700000000000001,0.057363464250104544,0.22555780441222356,0.22935734572291522,0.1349400056066843,1
129.0,85.89,3.7,0.04824561403508772,0.22807017543859648,0.27923976608187134,0.0935672514619883,1
18.5,81.295,7.3500000000000005,0.09242679587107647,0.23088266273435853,0.25031598904571306,0.05666736886454603,1
33.0,71.97,8.5,0.08711551606288448,0.1917976760082023,0.2623034859876965,0.11312371838687628,1
56.0,84.11500000000001,4.85,0.08169205182072828,0.2066045168067227,0.2522540266106442,0.09648546918767506,1
55.333333333333336,90.30333333333334,3.866666666666667,0.07514487835324173,0.21281932439106196,0.3007756482882655,0.06588776120138773,1
100.0,78.59,6.9,0.07692307692307693,0.25854700854700857,0.2264957264957265,0.06623931623931624,1
70.0,73.78,5.7,0.058333333333333334,0.2388888888888889,0.25,0.08055555555555556,1
24.666666666666668,90.65333333333335,2.3333333333333335,0.034870954233947156,0.21488801054018447,0.30261921540991304,0.09346345150187414,1
72.5,84.015,5.050000000000001,0.06977001326846527,0.228343969166614,0.23994334575935639,0.06466797245213875,1
20.4,90.936,2.88,0.08562295028204119,0.19621515479470025,0.2886746523678342,0.08601985766758494,1
30.666666666666668,78.01333333333334,7.2,0.07218512481670376,0.24488182382919224,0.22864075495654443,0.09972873130767868,1
32.5,57.400000000000006,12.5,0.04329004329004329,0.24256388772517806,0.2557603686635945,0.060396592654657175,1
135.0,85.49,4.7,0.09584086799276673,0.26582278481012656,0.23688969258589512,0.06690777576853527,1
39.5,74.655,7.050000000000001,0.0382477694895422,0.22089366681292966,0.2683194383501536,0.08121252011115987,1
71.0,81.765,4.6,0.08177381756388749,0.20286595063288382,0.2945850852922594,0.07835885928411146,1
10.5,80.29499999999999,5.9,0.08608058608058608,0.21062271062271062,0.3125763125763126,0.05891330891330891,1
4.666666666666667,95.57333333333334,1.3333333333333333,0.08554983179142135,0.2161305018222596,0.2567195822820297,0.08796783010933558,1
57.4,73.32000000000001,9.389999999999999,0.08774978329957221,0.19894299487249975,0.26321133268526675,0.09066519785588964,1
2.0,83.495,7.1000000000000005,0.038461538461538464,0.2932692307692308,0.34134615384615385,0.0625,1
41.75,78.54,7.200000000000001,0.0793842596559065,0.22932995228442826,0.2743827783830456,0.06632683082011506,1
39.8,79.726,5.720000000000001,0.04566215452572364,0.21144459824336045,0.25291448252393783,0.09356803329770134,1
5.0,92.375,3.9499999999999997,0.051250000000000004,0.23625000000000002,0.30062500000000003,0.02,1
46.333333333333336,91.39999999999999,3.633333333333333,0.07660541391662033,0.2044072654738327,0.2616027497623619,0.10042289699198144,1
55.666666666666664,75.94666666666666,8.133333333333333,0.10421889831111669,0.18175743485176318,0.23587078728837715,0.10584689438656854,1
106.875,75.4225,8.762500000000001,0.07547701677252079,0.2192282264216444,0.2508785908342337,0.06588149699622733,1
161.0,77.16,8.0,0.08079470198675497,0.22119205298013245,0.23841059602649006,0.06225165562913907,1
17.5,86.30000000000001,3.5500000000000003,0.044444444444444446,0.26666666666666666,0.27361111111111114,0.06944444444444445,1
64.0,80.21,6.2,0.11498257839721254,0.17073170731707318,0.2229965156794425,0.11846689895470383,1
30.8,86.88199999999999,4.659999999999999,0.0791808780523828,0.23670042581724657,0.2355830871180385,0.08110019343217711,1
26.666666666666668,81.11,5.933333333333333,0.0769321533923304,0.26778761061946904,0.24116027531956738,0.06062930186823993,1
44.666666666666664,82.43333333333334,8.033333333333333,0.10558131969510158,0.19502795564346406,0.24796550212755916,0.09361930907406786,1
118.5,68.705,9.6,0.09954113555723285,0.18496716350528697,0.2507018756657238,0.1342769269837687,1
75.5,79.55000000000001,7.0,0.07135019750229421,0.22599050393009618,0.2432520049475322,0.07766428599928181,1
39.0,86.92333333333333,3.733333333333334,0.0760530878188006,0.18397830328172474,0.2621398704201733,0.09588862933054083,1
108.5,75.71000000000001,5.4,0.08035874439461883,0.17797678712740703,0.2916222632550778,0.09644157214455289,1
38.0,93.94999999999999,2.3,0.06826654240447344,0.2218662628145387,0.31057781919850885,0.06823159366262815,1
19.625,70.1725,9.4125,0.09345023774705122,0.20011965178807523,0.23601433314112813,0.11893803576295857,1
71.0,85.42,8.4,0.1549645889029595,0.17191384081422073,0.26633952441255104,0.08958890295952347,1
18.166666666666668,39.053333333333335,24.883333333333336,0.09528514770398262,0.3082168087634964,0.23485969501338644,0.06192918933319665,1
111.5,-177.27999999999997,79.05,0.038178472861085555,0.5053357865685373,0.12005519779208831,0.038178472861085555,1
90.66666666666667,83.24333333333333,6.599999999999999,0.09930586019308733,0.19968165791662318,0.25458380929953556,0.08031548027615916,1
58.0,87.22999999999999,4.45,0.08269394714407502,0.2281898266552998,0.2383489627735152,0.10358056265984654,1
70.83333333333333,71.30833333333334,9.4,0.0770182929617401,0.22024714988071273,0.24110533975777157,0.07679248407752656,1
27.88235294117647,76.4629411764706,8.823529411764707,0.08221313085972397,0.20721923376327023,0.24253906080978052,0.09060177834226442,1
57.285714285714285,68.12714285714286,9.514285714285714,0.08486476198509209,0.23395428711454994,0.23595847772088172,0.09300689918702697,1
20.5,86.92500000000001,4.15,0.10060606060606062,0.20595959595959595,0.2815151515151515,0.07030303030303031,1
15.5,72.595,5.7,0.08969155844155843,0.2002840909090909,0.23538961038961037,0.07142857142857142,1
31.666666666666668,77.83444444444446,8.277777777777779,0.04979645476915888,0.2335281666834984,0.2621948737955985,0.10235506217816856,1
66.33333333333333,77.71666666666665,8.233333333333333,0.10211629861979511,0.18280522895907514,0.27164040310893456,0.08743703848598953,1
93.0,87.00999999999999,2.5,0.08275631661349597,0.19846154350061906,0.3110797036415924,0.09043549750086798,1
39.5,85.18,3.1,0.06801470588235295,0.19669117647058823,0.2838235294117647,0.08161764705882353,1
97.0,87.25,5.6,0.06713780918727916,0.1625441696113074,0.31625441696113077,0.09187279151943463,1
53.0,71.55,7.2,0.10945273631840796,0.23880597014925373,0.21393034825870647,0.07960199004975124,1
81.0,70.16,6.949999999999999,0.08926148815528577,0.22983267819250705,0.18738477058475667,0.11462935262810031,1
74.0,63.985,11.3,0.06901270772238514,0.22323232323232323,0.22016943629846858,0.07810361681329422,1
60.666666666666664,88.74666666666667,3.466666666666667,0.07269055132278124,0.24721462122958368,0.2293261248551892,0.05384184482181898,1
92.25,74.3275,7.425,0.089173832130709,0.21317353066272116,0.23120234885221552,0.09664307332503289,1
12.5,93.89750000000001,2.975,0.06978174153055051,0.20938492513611615,0.26539388611615244,0.07742929522081064,1
139.0,76.96,9.2,0.061826433840994025,0.21410174962655176,0.23046193117105362,0.09331913943785305,1
78.33333333333333,84.30333333333333,4.333333333333333,0.06608703697408144,0.20455962178372752,0.27785478391457447,0.08579328634033528,1
17.833333333333332,78.04,8.799999999999999,0.07559607746454121,0.2119751125498511,0.25426255149028315,0.12086157478332017,1
22.0,100.46000000000001,0.5,0.12933333333333333,0.2171111111111111,0.25837037037037036,0.05925925925925926,1
28.25,84.3725,4.875,0.061563060479428985,0.21758915321516037,0.2207657343930662,0.13388209106055227,1
43.5,71.21000000000001,9.2,0.06320046375531387,0.22842709656048144,0.2632777563076244,0.08992160326837079,1
40.5,80.14125,4.8,0.07481433276442576,0.20920731948212526,0.27943597884422366,0.064021552678083,1
25.333333333333332,93.52999999999999,3.6333333333333333,0.04987417067032716,0.2640019173993093,0.24958873963678355,0.09974289418352561,1
79.0,86.94,5.95,0.10961538461538461,0.19038461538461537,0.2403846153846154,0.08653846153846154,1
12.0,85.405,5.5,0.06439024390243903,0.21146341463414633,0.2785365853658537,0.09707317073170732,1
23.0,91.19,3.35,0.12321445923622584,0.19293557477407444,0.2516762219415023,0.0684578758138179,1
208.0,85.74000000000001,3.5,0.08293999380710428,0.19496805590664426,0.23860108542549582,0.126965796303175,1
19.333333333333332,90.96,2.5333333333333337,0.06433746228403515,0.1978033742460019,0.31143216607614366,0.08660176480311473,1
34.5,83.90166666666667,5.433333333333334,0.08089328385196076,0.24094997124185655,0.22136099139940968,0.06385457026152302,1
83.0,76.93,4.7,0.056555269922879174,0.19794344473007713,0.2622107969151671,0.13881748071979436,1
93.5,75.44,8.100000000000001,0.06107688416142544,0.2141592389183998,0.24403743670872508,0.10853301435816967,1
21.0,97.26,3.65,0.07606837606837608,0.17585470085470084,0.2685897435897436,0.0955128205128205,1
72.0,78.72,9.8,0.09699769053117784,0.20554272517321015,0.2586605080831409,0.05542725173210162,1
13.0,102.77,12.366666666666667,0.020355933538073866,0.5212221434758643,0.14997243877470667,0.04445231908024253,1
0.0,0.0,0.0,0.0,0.0,0.0,0.0,1
25.5,85.015,6.15,0.0647608695652174,0.22997826086956522,0.30032608695652174,0.07804347826086958,1
32.5,85.80000000000001,3.5250000000000004,0.06896891702996052,0.21300405545959966,0.24637639268269143,0.09935340274557684,1
97.5,89.31,3.5999999999999996,0.07281044967563927,0.2282959757121633,0.27662941670434726,0.08192761634076795,1
59.5,79.99,5.15,0.07643622200584227,0.18201418834330227,0.2598704038577456,0.08434761441090555,1
55.0,84.07666666666667,5.5,0.10450961361574718,0.21645912759582428,0.2735194207090795,0.07207383654421544,1
0.0,0.0,0.0,0.0,0.0,0.0,0.0,1
61.0,70.345,9.375,0.06776734480959833,0.19996702436843283,0.25466744913928013,0.10112862359341232,1
186.33333333333334,94.03666666666668,2.1999999999999997,0.12148704193936359,0.21567506985811255,0.2840777890715877,0.07185762071307217,1
59.333333333333336,84.33833333333332,4.833333333333333,0.08833485361971959,0.1878849196758601,0.26781071601039624,0.0745609156761868,1
20.333333333333332,89.26666666666667,3.9666666666666663,0.12878787878787878,0.17148679780258727,0.2727006911217438,0.11503632819422294,1
28.0,98.45,4.55,0.14084507042253522,0.22535211267605634,0.22535211267605634,0.0892018779342723,1
25.727272727272727,86.22909090909091,4.8,0.09312515571266963,0.18224289886775366,0.3077679555904801,0.08577698695717421,1
56.0,70.94,12.1,0.06353316981347328,0.20447207803319833,0.2325366493639838,0.10287490730705606,1
13.333333333333334,76.42,5.900000000000001,0.09620014262199274,0.24406054464443694,0.2541781273625119,0.0725763644260001,1
12.882352941176471,88.7829411764706,4.058823529411765,0.09391638534911986,0.22864347038980884,0.2896865574571927,0.07592829943046667,1
171.5,77.675,7.800000000000001,0.06956163819715991,0.2329109458148355,0.22618557610325463,0.08031487960485698,1
58.666666666666664,79.74666666666666,7.133333333333333,0.07204895503289449,0.1866415228173969,0.2754946615916156,0.11792244067972531,1
65.0,88.85499999999999,3.95,0.08420603786457445,0.188470066518847,0.2921541872761385,0.08131786912274717,1
24.0,79.24,5.166666666666667,0.07364908610986604,0.21345020502349055,0.27946942908843403,0.07848332420273253,1
42.5,74.055,8.45,0.10526315789473684,0.2222222222222222,0.25146198830409355,0.07017543859649122,1
26.666666666666668,83.59333333333332,5.7,0.07519624122111869,0.19960754037464423,0.2657254061978646,0.1002047665918445,1
9.0,87.61500000000001,2.45,0.11773940345368916,0.19034536891679749,0.23783359497645212,0.06907378335949765,1
50.5,80.92,7.199999999999999,0.1436535083664602,0.1899972265877785,0.2698714985670704,0.09404640843117315,1
12.5,77.55000000000001,6.15,0.0478021978021978,0.3153846153846154,0.19175824175824174,0.06236263736263736,1
104.0,82.07,8.149999999999999,0.1483375959079284,0.15601023017902813,0.24680306905370844,0.10230179028132992,1
25.5,89.33000000000001,5.0,0.14559099437148218,0.2028611632270169,0.23058161350844275,0.05820825515947467,1
27.0,80.25999999999999,7.3,0.036312849162011177,0.22560521415270018,0.2783985102420856,0.10577281191806331,1
48.0,84.07,2.95,0.11894273127753303,0.22026431718061673,0.2775330396475771,0.07048458149779736,1
31.0,84.88666666666666,3.783333333333333,0.08978283155631482,0.19184120657078507,0.32673813324588324,0.08894713406111243,1
11.75,88.16,4.675,0.09482111553230564,0.21146349268184095,0.3685983499360009,0.0853923771495353,1
32.6,80.094,6.779999999999999,0.06572223891909915,0.22250995418708017,0.26207981843182865,0.10406920447304031,1
26.0,94.355,2.6500000000000004,0.12824675324675325,0.18500797448165868,0.23769651401230346,0.07159945317840055,1
58.0,90.78,3.45,0.11755952380952381,0.21807359307359309,0.23525432900432902,0.06385281385281386,1
22.0,91.13499999999999,2.75,0.09598688873139617,0.2234231041814316,0.22240432317505315,0.10068214032600992,1
16.0,78.4,4.05,0.015463917525773196,0.17750462595823419,0.26738038593708696,0.18490615913296324,1
64.0,82.85,5.6,0.07224334600760456,0.18250950570342206,0.29277566539923955,0.08745247148288973,1
30.5,90.075,3.55,0.05173395445134576,0.2302536231884058,0.29298654244306416,0.0968167701863354,1
47.0,69.03999999999999,9.65,0.08605224019334448,0.23777653839003532,0.24914017475367167,0.034276817252277374,1
50.25,77.7825,5.45,0.07453355086459779,0.18263260253971453,0.27659406762460903,0.09975922103511188,1
27.714285714285715,82.0257142857143,3.8428571428571425,0.08533912177511176,0.18793656184581467,0.2633979104684331,0.11661168762552367,1
20.0,83.79499999999999,2.4,0.07806838768115942,0.17793251811594202,0.29727128623188404,0.15058876811594202,1
84.5,80.86833333333333,6.1499999999999995,0.10714123285609013,0.21462699263173282,0.24800711042120305,0.09431082854259831,1
37.5,87.635,5.1,0.08738362150864526,0.15310659319779593,0.3092152764582937,0.08723161694850845,1
48.0,81.83,5.550000000000001,0.06934956934956935,0.16040800415800416,0.2582417582417582,0.12522275022275023,1
71.5,65.93,11.6,0.05313571284533172,0.23789188996832855,0.24216813162046427,0.09669288162936075,1
72.0,74.88,9.75,0.07096979107848674,0.19900479954827782,0.25924618859401466,0.08621541501976285,1
14.0,75.90999999999998,5.633333333333333,0.14419199212691078,0.13305092904592278,0.3165120931078378,0.08668955852935828,1
20.5,78.025,7.0,0.06429756637168141,0.17547013274336282,0.26348174778761063,0.08669800884955753,1
26.0,62.43666666666667,16.633333333333336,0.11255207211089563,0.18701519069166128,0.23512802556920206,0.07954014939309056,1
60.333333333333336,82.98666666666666,4.833333333333333,0.07007173694290258,0.20152075826922453,0.29201128531394377,0.09762553965007953,1
31.142857142857142,88.29571428571428,4.714285714285714,0.08761959065779663,0.20462800950892038,0.2485281563363149,0.09231134009509519,1
35.666666666666664,71.50333333333333,9.633333333333333,0.04951423418915679,0.19923799397483608,0.27022026248032444,0.10358382587484755,1
41.0,77.67,8.1,0.07881773399014778,0.15270935960591134,0.28078817733990147,0.06896551724137931,1
267.0,80.01,7.1,0.09282700421940929,0.2222222222222222,0.2180028129395218,0.07876230661040788,1
25.5,88.92,5.199999999999999,0.07627192982456141,0.2217982456140351,0.29789473684210527,0.08951754385964913,1
24.4,96.104,2.26,0.0815391306449231,0.21212714245405517,0.2917879561027954,0.08385232529061953,1
6.0,105.25,1.4,0.13333333333333333,0.13333333333333333,0.31666666666666665,0.08333333333333333,1
30.0,92.18333333333334,4.366666666666666,0.10875084884719709,0.21989671761704965,0.2331693640782204,0.0703725282416839,1
28.5,89.25999999999999,3.05,0.09856150793650793,0.20828373015873014,0.29444444444444445,0.08134920634920634,1
59.0,68.72,11.1,0.0889705882352941,0.1737438725490196,0.2479779411764706,0.10303308823529411,1
28.5,80.39500000000001,3.1500000000000004,0.07024185641137379,0.23619130624251006,0.27699095762065584,0.09230308312452337,1
22.0,87.04333333333334,3.1666666666666665,0.061974837432852696,0.24707308453491658,0.28549547639242295,0.04040429742719819,1
132.83333333333334,73.65,7.816666666666666,0.09531360581380714,0.22525443275731397,0.22849768850141747,0.06682859711139855,1
21.666666666666668,79.45666666666666,7.366666666666667,0.09184296740518628,0.21037461067446075,0.27186911594707697,0.07500795057016946,1
11.0,93.95,2.0,0.028169014084507043,0.2535211267605634,0.18309859154929578,0.07042253521126761,1
59.0,87.06,3.5,0.11292730258247499,0.16972682489923868,0.26608449022242125,0.0890431407672787,1
0.0,0.0,0.0,0.0,0.0,0.0,0.0,1
26.0,88.245,3.9000000000000004,0.06201923076923077,0.18840811965811965,0.28936965811965815,0.11052350427350427,1
35.666666666666664,78.58333333333333,6.666666666666667,0.09989386619821401,0.215659005514078,0.2560508466305568,0.09993656370467964,1
351.0,76.45,8.95,0.09137055837563451,0.20530174844895657,0.2380146644106035,0.09757473209249859,1
11.5,70.9125,4.925,0.06254680004680005,0.237473674973675,0.2951649701649702,0.06553030303030304,1
17.0,85.89,4.0,0.14130434782608695,0.1956521739130435,0.30434782608695654,0.08695652173913043,1
197.5,83.91,4.95,0.13133660261162114,0.22015833190777595,0.216894993442436,0.07302714736461957,1
47.5,77.69,4.800000000000001,0.04191767068273092,0.24548192771084337,0.26273845381526106,0.12274096385542169,1
34.0,97.09,0.5,0.14410480349344978,0.1572052401746725,0.2794759825327511,0.10043668122270742,1
17.333333333333332,88.08,5.333333333333333,0.10452317129126519,0.20652032166920234,0.2851747204713951,0.12605633235931,1
51.25,97.69500000000001,1.775,0.11186081985150989,0.233304038319948,0.27570302150117,0.06844413166976557,1
38.5,79.33,10.6,0.06944444444444445,0.19870580808080807,0.2534722222222222,0.09059343434343434,1
86.5,88.805,3.75,0.09926560587515298,0.2110858541703095,0.26345514950166116,0.09333799615317363,1
22.0,65.32,7.9,0.05128205128205128,0.24358974358974358,0.32051282051282054,0.08974358974358974,1
128.0,66.83,9.55,0.07661394866476537,0.17452035260565207,0.25022686025408347,0.09508685506870625,1
99.0,82.24000000000001,4.9,0.07739307535641547,0.21792260692464357,0.25865580448065173,0.07331975560081466,1
28.0,80.03999999999999,4.800000000000001,0.07608695652173914,0.21296296296296297,0.24557165861513686,0.08011272141706924,1
30.833333333333332,66.77666666666666,14.083333333333334,0.11151772297863542,0.15638470447996097,0.24443197295240962,0.12193104315171464,1
94.0,56.32,11.4,0.0994423320659062,0.18171102661596958,0.26453738910012675,0.06468948035487959,1
76.5,73.745,8.0,0.10363856882959369,0.17948251465534668,0.26159288457651103,0.10448756822316554,1
16.0,57.290000000000006,18.5,0.04191919191919192,0.1643939393939394,0.276010101010101,0.09217171717171717,1
105.33333333333333,74.23,9.066666666666666,0.10738793265674985,0.22301215311968,0.26247368720487,0.080934000288839,1
121.18181818181819,79.59090909090908,6.545454545454546,0.11021374531480746,0.20662858694791375,0.24281030092328065,0.08497589822772998,1
0.0,0.0,0.0,0.0,0.0,0.0,0.0,1
114.5,73.025,8.933333333333334,0.09942672805066786,0.20664001404051877,0.23870651812093466,0.08459286510437065,1
39.75,81.68,5.574999999999999,0.04912669298356705,0.23320962654868674,0.23969275418881772,0.08753326711493889,1
58.0,93.08999999999999,2.8333333333333335,0.14589417003210106,0.18375271823547687,0.28436496841669257,0.08005656518587553,1
22.0,81.33,7.1,0.08080808080808081,0.21212121212121213,0.25252525252525254,0.08080808080808081,1
40.0,89.565,4.2,0.08591172790353771,0.19372085087020818,0.2464167898987601,0.1182174951655102,1
313.1666666666667,52.20666666666667,15.766666666666666,0.08773823988210956,0.21157820801982674,0.21014827285875426,0.07796966457886344,1
45.5,74.4075,9.425,0.08688357188194833,0.21600619987174108,0.2595181638116431,0.07567264107289064,1
87.0,62.78,8.9,0.08947368421052632,0.18947368421052632,0.21842105263157896,0.05789473684210526,1
19.58823529411765,80.84823529411766,6.5588235294117645,0.10529637833802864,0.24203502882778233,0.25489407796387237,0.06645549683192055,1
16.666666666666668,71.38333333333334,13.1,0.06709965052934526,0.1750950765751876,0.27524668516805434,0.0828643745503135,1
0.0,0.0,0.0,0.0,0.0,0.0,0.0,1
28.666666666666668,79.25333333333333,6.400000000000001,0.04605540119558812,0.30481109533639344,0.18731872381566225,0.10929121193381586,1
86.0,69.25999999999999,9.1,0.0633445945945946,0.17945945945945946,0.2688851351351351,0.10574324324324325,1
69.5,79.18,10.05,0.129183779445782,0.1814190624557428,0.26272246612849925,0.06770759571354387,1
50.5,82.54,5.699999999999999,0.09321963824289406,0.19948320413436693,0.2538708010335917,0.09475968992248063,1
99.0,78.88999999999999,7.0,0.0799265410412009,0.20458275666276304,0.2771722736789808,0.08725912913872033,1
50.333333333333336,79.14666666666666,6.2,0.1000283856267179,0.22227082112316174,0.24986991935967443,0.10761851845404237,1
0.0,0.0,0.0,0.0,0.0,0.0,0.0,1
152.0,71.33333333333333,10.033333333333333,0.08530941797698538,0.1942502627164555,0.25648958598497457,0.10049801902001866,1
14.5,91.50999999999999,2.85,0.057805399625768514,0.21966051857792035,0.20809943865276664,0.08667468591285753,1
0.0,0.0,0.0,0.0,0.0,0.0,0.0,1
49.75,77.39999999999999,8.299999999999999,0.09131913115162256,0.17982864143092075,0.28076149234775066,0.08683856808874116,1
16.5,83.50999999999999,5.75,0.08038914490527393,0.2721454173067076,0.27636968766001024,0.03968253968253968,1
50.4,74.006,9.940000000000001,0.09196876281963627,0.19362690442818722,0.24287823282738502,0.09975985374219427,1
67.72727272727273,67.47909090909091,10.363636363636365,0.06659253761601562,0.1960280957307784,0.2503854263281393,0.11872633058929592,1
12.0,99.91333333333334,0.5333333333333333,0.07651833441821015,0.21409057735171708,0.3769355188669941,0.08931988086080044,1
48.5,89.97,2.75,0.06039116154075844,0.2155369762118045,0.26888623469692446,0.08109385886334229,1
61.0,84.965,7.3999999999999995,0.13565829037800686,0.18132517182130586,0.25306056701030927,0.09503865979381443,1
35.333333333333336,68.44666666666667,6.666666666666667,0.07211912373202696,0.2599175212078438,0.25329707587772105,0.09167739167739168,1
7.0,-200.47333333333336,105.33333333333336,0.07412186379928315,0.48879928315412186,0.16344086021505377,0.03741935483870968,1
108.5,77.0175,7.574999999999999,0.059355050721064825,0.24357803155525848,0.2085669018467015,0.08363227312236389,1
32.42857142857143,64.07142857142857,14.971428571428575,0.061862675869094934,0.2849934897141719,0.21400951336643192,0.058452311080468354,1
30.5,90.73500000000001,2.6500000000000004,0.06948405496499871,0.2039149598133264,0.3004926108374384,0.07803992740471868,1
13.88888888888889,84.48222222222222,5.977777777777778,0.10584243224812039,0.2365830710796386,0.2608620351755363,0.07252385535321135,1
92.0,85.32,6.9,0.0965391621129326,0.17304189435336975,0.2641165755919854,0.10746812386156648,1
41.5,80.6,4.0,0.0746012690790602,0.25940661979077345,0.2912707940318985,0.06731263934145088,1
148.5,92.27,3.9,0.13119328882040748,0.16328634746713844,0.2657649945785539,0.09177842454678613,1
98.33333333333333,91.46666666666665,2.9,0.1073964776111358,0.1754861139184218,0.2761719960652733,0.08969694519680371,1
18.0,95.27,1.5,0.0958904109589041,0.15753424657534246,0.2671232876712329,0.11643835616438356,1
42.5,77.045,8.2,0.06786862655029857,0.2634359209921911,0.2252239320165365,0.08733348644924208,1
21.5,87.485,4.75,0.07950939188609657,0.20216142036195214,0.24997855733767904,0.08512736941418647,1
105.0,82.04,5.65,0.07020872865275142,0.21821631878557876,0.2504743833017078,0.10246679316888045,1
51.666666666666664,80.92,5.833333333333333,0.1254010432282697,0.16711239447099255,0.27372466111783234,0.07351095637519257,1
57.0,82.375,8.8,0.06402262879152623,0.20890707751564758,0.28050072219547423,0.08187289359653346,1
143.5,74.98,8.8,0.08486381322957198,0.2273832684824903,0.2373443579766537,0.08280155642023346,1
44.0,78.18,7.25,0.08254751808957239,0.22511233466236313,0.2544248254329895,0.07288568234078012,1
79.33333333333333,77.15333333333332,7.066666666666666,0.09273862005860102,0.20702281387997323,0.2401597790432918,0.09166696635432671,1
15.5,90.3775,4.725,0.10505715389174822,0.19305906080948793,0.262233574625925,0.12441344175854827,1
3.0,98.805,3.0999999999999996,0.1326797385620915,0.23594771241830065,0.2326797385620915,0.05163398692810457,1
36.666666666666664,90.98,2.9,0.09368117970889438,0.23400241565570168,0.27944751681254126,0.06986776246119313,1
14.666666666666666,93.61,2.8000000000000003,0.07474747474747474,0.19393939393939394,0.28253968253968254,0.09206349206349207,1
28.25,79.25999999999999,7.675000000000001,0.12452318744675672,0.1629396373372277,0.2723431605208714,0.1377974017281246,1
39.0,89.67,3.7,0.04263708726415094,0.287330483490566,0.20924233490566038,0.05207104952830188,1
66.0,78.095,9.0,0.13730099233828444,0.180015374255111,0.25396744723835174,0.08714089678919482,1
37.5,79.11,8.3,0.09960087082728591,0.20322327044025157,0.2649975810353169,0.0923137397194001,1
157.0,75.93,7.35,0.06507936507936508,0.2615873015873016,0.22952380952380952,0.04857142857142857,1
20.5,88.125,2.0,0.06950875211744777,0.24076792772444947,0.2950310559006211,0.08018068887634106,1
13.5,89.48,5.2,0.08445544554455445,0.14405940594059408,0.3085148514851485,0.09980198019801981,1
62.333333333333336,77.10666666666667,5.2,0.06910362702016157,0.21018179229559217,0.22959090649898464,0.12590768119937223,1
64.5,92.325,3.3000000000000003,0.1217343976777939,0.14223512336719885,0.26390904692791484,0.1586236090953072,1
233.0,76.72333333333334,5.433333333333334,0.07510680389437657,0.19067364009754328,0.26064393041451583,0.09757584931537522,1
73.0,69.11,10.3,0.13559322033898305,0.17966101694915254,0.24067796610169492,0.1016949152542373,1
55.5,84.625,4.9,0.08918377220264012,0.19146451033243486,0.2583938074504112,0.07802888934964407,1
11.0,75.46000000000001,12.05,0.10339506172839505,0.2716049382716049,0.25462962962962965,0.030864197530864196,1
76.0,91.31,4.3,0.09975062344139651,0.22194513715710723,0.23690773067331672,0.08977556109725686,1
22.0,85.49,3.8499999999999996,0.10377358490566038,0.1792452830188679,0.24528301886792453,0.08490566037735849,1
34.5,90.88499999999999,3.0,0.05862470862470863,0.23286713286713287,0.2720668220668221,0.08352758352758352,1
27.5,80.94,7.7,0.07909982174688057,0.19240196078431374,0.27098187759952463,0.11545603089720738,1
76.5,68.725,10.6,0.06547102078628916,0.17873892652423135,0.2762651265126513,0.10168780035898325,1
47.333333333333336,84.10000000000001,5.133333333333334,0.07895458996606773,0.19666313679943523,0.2598671175787388,0.10088531347498349,1
88.0,76.23,7.0,0.09873876123876124,0.1953046953046953,0.25525724275724276,0.068006993006993,1
74.0,79.4,6.5,0.07315224820945646,0.2127403488959553,0.23652510723448938,0.08847216856370174,1
26.2,89.046,2.1800000000000006,0.06912146987936399,0.23997051692765203,0.25166903982338096,0.10993329060822503,1
41.5,88.775,5.55,0.13788733545907939,0.15896083721690785,0.28963290000817593,0.07346087809663968,1
55.5,71.92,9.85,0.05750165234633179,0.2591705221414409,0.24284534038334435,0.06819233311302049,1
58.25,85.9025,4.875,0.125235749117786,0.15107513009927637,0.29748387900271117,0.08261923037991768,1
13.5,76.975,4.9,0.052450980392156864,0.2196078431372549,0.37254901960784315,0.07107843137254902,1
31.0,78.99,8.0,0.11486486486486487,0.21621621621621623,0.22297297297297297,0.10810810810810811,1
136.0,56.15,17.8,0.06700379266750948,0.20859671302149177,0.22629582806573956,0.07332490518331226,1
47.333333333333336,73.96333333333334,11.0,0.08874213111942265,0.22459217502387227,0.2600949769725642,0.07721786591094693,1
120.0,83.15,5.85,0.059369202226345084,0.21521335807050093,0.24304267161410018,0.09647495361781076,1
32.333333333333336,28.930000000000003,32.63333333333333,0.09329388943236695,0.23628246003732453,0.27602007768158726,0.09083080363313674,1
24.333333333333332,81.16666666666667,6.3,0.09075361687235461,0.18052749219178174,0.2572684112174218,0.12985826350508115,1
85.0,76.45,7.8,0.09826589595375723,0.21676300578034682,0.2514450867052023,0.05491329479768786,1
22.0,90.295,5.25,0.1254648659228812,0.182423174789587,0.2834703464474457,0.08944999021334898,1
119.0,83.305,5.0,0.1332964230171073,0.20662146189735614,0.2349959564541213,0.104099533437014,1
91.0,87.82,3.3,0.1394422310756972,0.1852589641434263,0.2749003984063745,0.09561752988047809,1
23.666666666666668,100.05333333333333,0.3,0.08671427931091158,0.1967532758594929,0.3032631594674954,0.09509529999452156,1
40.6,76.53399999999999,7.859999999999999,0.08058765250184115,0.22031072258791085,0.2306463705968802,0.08098083858663482,1
219.5,64.595,11.4,0.062305508233957974,0.21586825667234527,0.2344236229415105,0.08088586030664395,1
20.0,91.91499999999999,4.4,0.07936507936507936,0.23214285714285715,0.26587301587301587,0.057539682539682536,1
146.0,74.42,8.7,0.09573241061130335,0.2122260668973472,0.24567474048442905,0.1118800461361015,1
82.0,90.96,3.3666666666666667,0.11604513948076815,0.1974999862248236,0.2758176725370678,0.054797476303450186,1
65.5,83.585,4.375,0.09829808062309925,0.20132160220581666,0.24592224318583217,0.10757848365815603,1
0.0,0.0,0.0,0.0,0.0,0.0,0.0,1
19.666666666666668,75.34666666666668,7.8,0.0892488031855398,0.20632335615110434,0.2569221362206016,0.07505555306995959,1
57.0,79.125,6.050000000000001,0.12212153518123667,0.20788912579957355,0.226545842217484,0.0546908315565032,1
244.5,42.35,20.55,0.06532212000962001,0.23314869929453264,0.20351205507455505,0.08401224547057881,1
37.5,83.305,5.3,0.08446546470289487,0.2226701371254444,0.25065071102082276,0.08162455561198578,1
86.0,85.185,4.75,0.11655739845892646,0.18584563144834793,0.26919158939532456,0.06987070654303251,1
14.5,89.88499999999999,3.2249999999999996,0.10412514018493832,0.2051245529951967,0.2858525624748725,0.08529380647072515,1
19.0,77.91,6.8,0.08852611940298508,0.18833955223880597,0.29300373134328356,0.11473880597014925,1
20.666666666666668,81.69,8.433333333333332,0.057100010501269116,0.21091030635531685,0.25905094140035706,0.08828749913556626,1
113.0,79.34,5.8,0.07002169646883875,0.24867302121297075,0.23907985031874304,0.08636190035063769,1
32.5,88.805,3.9,0.05942652329749104,0.20394265232974912,0.2654480286738351,0.08121863799283155,1
84.5,77.6,7.1,0.07276507276507277,0.22773735273735274,0.21916146916146917,0.0641025641025641,1
45.5,92.305,3.5999999999999996,0.08416229160910013,0.1743920972644377,0.2937160357373123,0.11103435571520677,1
28.0,66.28999999999999,14.549999999999999,0.04930280341382305,0.20887958683173125,0.24962027696157799,0.08696806897466822,1
48.666666666666664,82.75,8.166666666666666,0.11386829060452515,0.17562829255791246,0.2630236711759751,0.0899462418377599,1
117.0,84.77333333333334,4.966666666666667,0.08790628886423986,0.23319552283956843,0.21727841080972068,0.08892138079392288,1
29.666666666666668,75.32666666666667,8.266666666666667,0.0515461493239271,0.24166960611405056,0.22429159318048206,0.07983539094650205,1
0.0,0.0,0.0,0.0,0.0,0.0,0.0,1
20.0,78.16,5.25,0.0591566265060241,0.3175903614457831,0.24144578313253012,0.015060240963855422,1
12.142857142857142,89.05571428571429,5.0857142857142845,0.06644934510644022,0.2123055508386607,0.28746769185798277,0.08025090974345603,1
25.0,87.28333333333335,2.8000000000000003,0.07452064504696083,0.19724260145312777,0.28695847362514026,0.09436706243723787,1
12.8,97.608,1.64,0.09671719405465536,0.23071234235320923,0.30932169997185477,0.06337367482878319,1
18.666666666666668,103.50999999999999,-0.03333333333333336,0.1127156826096366,0.2550645654212656,0.34122284087853566,0.04177569664417206,1
16.0,83.185,4.25,0.026923076923076925,0.3423076923076923,0.2923076923076923,0.05,1
21.0,70.93666666666667,10.266666666666666,0.0886484902178909,0.18402710702255734,0.3097160882813789,0.07038026362438003,1
36.5,72.36,8.35,0.07254802831142568,0.26377654196157735,0.20614256825075833,0.10376643073811931,1
44.0,89.785,4.55,0.11753431984310928,0.19141855351518394,0.2825518511915374,0.05910144410768408,1
17.0,87.05,7.1,0.053763440860215055,0.3118279569892473,0.1827956989247312,0.0967741935483871,1
72.0,81.93,5.8,0.1072463768115942,0.17391304347826086,0.26956521739130435,0.08115942028985507,1
117.5,65.115,8.55,0.0662477714484498,0.24430360481801974,0.2179632125929469,0.08522850806626951,1
79.5,86.265,4.8,0.12490007096084578,0.19873078892292215,0.25649201915044595,0.08592774569070054,1
47.5,77.60499999999999,6.9,0.07332005973120956,0.23825286212045793,0.21393728222996516,0.10489049278247883,1
20.0,83.09,8.75,0.13902286251174445,0.13726902599436266,0.2730660820544942,0.11309113686188538,1
26.933333333333334,82.25466666666665,6.859999999999999,0.10414226786433627,0.2113204333319467,0.24433661674620633,0.08092791468788324,1
29.666666666666668,84.65333333333332,5.2,0.08106951871657754,0.21376114081996433,0.29825311942959004,0.08324420677361853,1
18.0,92.02000000000001,3.8499999999999996,0.06437074829931973,0.2016156462585034,0.27431972789115644,0.08664965986394557,1
48.0,91.39500000000001,2.55,0.08920054776408368,0.1867946356896633,0.2854275865325589,0.08656797468952165,1
126.0,86.485,6.75,0.12926592357741873,0.17296433701127212,0.243747559256293,0.09452876271668839,1
0.0,0.0,0.0,0.0,0.0,0.0,0.0,1
62.5,90.685,2.8,0.08281597659836001,0.18014517107781358,0.2868957039941496,0.1062798549845182,1
41.0,83.82666666666667,4.666666666666667,0.07559031939275428,0.2512247944658214,0.27496372926260015,0.09375722786433693,1
3.0,79.435,3.05,0.05555555555555555,0.2638888888888889,0.35416666666666663,0.0,1
34.63636363636363,69.54727272727273,11.745454545454544,0.04983684224275376,0.19771958653003685,0.24714443457921975,0.108660750443588,1
39.25,86.435,4.1,0.07943342528603516,0.208606146873916,0.25750549390026556,0.10156728385812738,1
23.88888888888889,81.98333333333335,5.566666666666666,0.08667235915591866,0.1951639341190036,0.24841781191347112,0.09642338040303991,1
88.0,78.28,7.5,0.07216494845360824,0.2268041237113402,0.2654639175257732,0.059278350515463915,1
26.666666666666668,73.67666666666666,8.5,0.09858445505861918,0.26782264678921214,0.20645341824673133,0.06315819944999276,1
19.75,69.6675,6.449999999999999,0.034816017316017314,0.23732517482517482,0.26366244866244865,0.10363858363858364,1
113.25,72.63000000000001,8.774999999999999,0.10851256938956694,0.2353466368620794,0.23065890820577362,0.071205799211715,1
21.0,82.95,7.0,0.047619047619047616,0.18095238095238095,0.3523809523809524,0.0380952380952381,1
11.666666666666666,68.80666666666667,13.4,0.09744908247630572,0.23530449687436983,0.2843063117564025,0.08043456342004436,1
50.5,55.345,18.7,0.11240288871867819,0.1654447970237444,0.2826075062917168,0.10633001422475107,1
56.0,88.30666666666667,3.8666666666666667,0.07875809158475186,0.22218892351953967,0.24314712698793253,0.08712938543914328,1
84.0,78.35666666666667,5.733333333333334,0.09013971490607005,0.21828377230246387,0.2714868309260832,0.08514207495515906,1
41.0,77.52000000000001,7.7,0.10314300511426167,0.18550527610539264,0.23674499902893764,0.08305819900304266,1
160.0,77.45666666666666,6.966666666666666,0.08098325639272419,0.21876749391683226,0.2592709785088219,0.0860782211801212,1
120.0,80.06,5.266666666666667,0.05775607227050713,0.22465460495030473,0.27588669453742504,0.09073514740828614,1
96.0,65.44,10.200000000000001,0.04518778869910839,0.2149678178823361,0.22034136991083897,0.08077817837576538,1
22.6,89.358,4.9399999999999995,0.07665826409151126,0.17242573889629337,0.270019360443708,0.11835838221285658,1
76.0,71.685,10.5,0.0929499400806188,0.1660720122017649,0.23696072556923414,0.11258034644296765,1
25.0,81.542,5.08,0.11160703202487643,0.2126240995862667,0.24063216418220099,0.12260848584659245,1
22.11111111111111,83.76555555555557,5.133333333333334,0.0675256873905952,0.2212812301416804,0.2581887897780293,0.06004728445224155,1
12.0,86.13,7.65,0.04918414918414918,0.2592074592074592,0.2261072261072261,0.06573426573426573,1
39.0,64.21,17.1,0.05343511450381679,0.22137404580152673,0.26717557251908397,0.12213740458015267,1
25.333333333333332,94.7325,1.5166666666666666,0.07476662358158578,0.21438201548987554,0.2787196499491486,0.09698531420218176,1
23.0,84.59,5.65,0.11494628339140534,0.22989256678281067,0.2294933217189315,0.06337108013937282,1
47.44444444444444,80.4877777777778,6.788888888888888,0.0846185669507355,0.19285660602963856,0.23725545578283797,0.10219037606583442,1
22.5,86.71166666666666,3.6666666666666674,0.05630120475256952,0.2124589095704622,0.27681329838303353,0.10376748239819521,1
68.0,62.88,9.7,0.024154589371980676,0.2318840579710145,0.20772946859903382,0.10628019323671498,1
61.666666666666664,75.64,7.55,0.0882676900580927,0.20684595102486067,0.2537540044017666,0.09961496664739104,1
33.0,75.335,7.6,0.05761278195488721,0.27030075187969926,0.23656015037593986,0.0732142857142857,1
57.5,87.84,5.45,0.0963180571876224,0.1835095965530748,0.2755973364669017,0.1438307873090482,1
4.0,-67.11,63.56666666666666,0.03015873015873016,0.4857142857142857,0.22063492063492063,0.04126984126984127,1
38.5,80.945,6.175,0.06364875701684042,0.22396819032344292,0.2528040630847367,0.0798890670943598,1
49.833333333333336,78.98,5.783333333333332,0.07802983028955242,0.1938728024821927,0.2787928845522493,0.08698264804675641,1
39.333333333333336,79.25333333333333,6.766666666666666,0.04308943007401413,0.26265135420159497,0.21580768634446457,0.07063040993142082,1
32.0,78.75,3.5,0.058823529411764705,0.29411764705882354,0.17647058823529413,0.0784313725490196,1
0.0,0.0,0.0,0.0,0.0,0.0,0.0,1
43.5,59.84,15.3,0.08499303335792148,0.24432423571838374,0.27940332759609865,0.09241045815916729,1
67.5,68.635,7.45,0.10952027069761558,0.19248466257668712,0.2532176965403833,0.10516412624122445,1
24.125,87.00625,6.6,0.09101889303962694,0.18831917196609643,0.24289600698614686,0.11222616709580115,1
36.0,62.693333333333335,16.599999999999998,0.0505772135561666,0.25826130656136054,0.26808093267888194,0.0937775721909559,1
111.75,76.97,6.375,0.09135278573084978,0.2047096218006217,0.2347551856695676,0.09199454609944444,1
18.666666666666668,76.73666666666666,6.566666666666666,0.06407747503637914,0.19489186612474285,0.28724471875156804,0.12258517737969793,1
27.4,75.67999999999999,8.76,0.07016534146110454,0.219636133858676,0.25200697180540865,0.08025905155070108,1
24.0,72.64380952380952,9.457142857142859,0.0843084409027083,0.24753862614534833,0.2486701647419451,0.09302644869169156,1
26.5,95.015,2.3,0.14792690314329948,0.15072019923268493,0.26080298849027395,0.12169347782190212,1
92.0,74.555,8.7,0.1051691514696767,0.22634815515610218,0.26269043813003623,0.07767999869507063,1
78.5,76.30000000000001,7.95,0.08319674488152748,0.21426414768806074,0.23732602944559467,0.08837991718426501,1
16.666666666666668,78.89444444444445,7.688888888888889,0.07552705798614284,0.2214334257644338,0.2699478430376623,0.08727429646967703,1
65.0,58.05,14.0,0.05653710247349823,0.24028268551236748,0.21908127208480566,0.0706713780918728,1
53.0,83.91499999999999,4.45,0.07989917701721887,0.19460050411491392,0.28952443135230344,0.07135807343071457,1
23.51851851851852,78.68518518518519,7.7481481481481485,0.09704321771332844,0.25237025954367515,0.24060752902554597,0.06445665791914533,1
57.4,73.59599999999999,7.9,0.0844496988836468,0.23395144651787164,0.25218655538804524,0.07495344894049122,1
4.333333333333333,92.91000000000001,3.0666666666666664,0.0746031746031746,0.18888888888888888,0.3402116402116402,0.0835978835978836,1
88.5,87.16,3.9,0.10585535860720369,0.23882309342080363,0.24107818709392542,0.06497587207468618,1
31.0,75.625,8.65,0.07911070411070412,0.25966625966625967,0.2195258445258445,0.07453194953194953,1
56.5,78.08000000000001,7.050000000000001,0.05639416553595658,0.23869289914066033,0.2406151062867481,0.06015377657168702,1
7.5,75.775,4.8,0.08064516129032258,0.5967741935483871,0.12903225806451613,0.03763440860215054,1
49.0,79.195,6.65,0.0891860465116279,0.2361046511627907,0.25290697674418605,0.06505813953488372,1
27.333333333333332,81.08999999999999,5.666666666666667,0.06999544003647971,0.212015503875969,0.2606703146374829,0.12063383492932056,1
14.0,57.27,18.8,0.075,0.275,0.225,0.125,1
138.0,76.995,6.15,0.07685407949790796,0.1696626569037657,0.29544979079497913,0.08499215481171549,1
94.5,71.495,8.55,0.07020107552022445,0.2600537760112228,0.24777232224040735,0.066271789676045,1
94.66666666666667,87.02,3.9333333333333336,0.061869607607002865,0.22075876411486797,0.2509092798284636,0.08490465963080114,1
0.0,0.0,0.0,0.0,0.0,0.0,0.0,1
30.0,71.09,8.7,0.05498520162782094,0.2684517203107658,0.20070292267850537,0.11269885312615613,1
65.5,71.725,10.375,0.050070024991980606,0.21765826524967613,0.25952432500165257,0.08986956453849047,1
34.5,85.49000000000001,6.25,0.07831388163029378,0.19138605648296872,0.24633101324660311,0.11688448001378024,1
54.0,80.641875,6.0625,0.07518731138908755,0.2116789959822247,0.2544265083746499,0.09476711239153207,1
18.0,84.88,3.8333333333333335,0.06682146542827656,0.22471620227038183,0.2997936016511868,0.0629514963880289,1
96.5,79.905,6.300000000000001,0.07700703494173002,0.21453786662479804,0.2340067766393339,0.08547783410908465,1
6.5,88.65,3.4,0.06334841628959276,0.25395927601809953,0.3065610859728507,0.06787330316742082,1
46.0,72.7,10.5,0.09049773755656108,0.20361990950226244,0.248868778280543,0.09502262443438914,1
46.333333333333336,72.43666666666667,8.366666666666667,0.0504547296859802,0.24891544921884082,0.25914029384734977,0.07738543040577063,1
61.0,84.68,2.7,0.12074303405572756,0.2043343653250774,0.25386996904024767,0.08359133126934984,1
80.0,89.16333333333334,3.966666666666667,0.12095218129763603,0.18966468382538781,0.26170489720414924,0.10661916858633425,1
79.66666666666667,66.56333333333333,9.266666666666667,0.053501816499574584,0.21202479506899277,0.2392696890668493,0.11001774905639539,1
8.0,0.6333333333333258,45.56666666666667,0.05361305361305361,0.3297408473879062,0.319201060377531,0.06415284062342885,1
0.0,0.0,0.0,0.0,0.0,0.0,0.0,1
1.5,94.825,3.25,0.1294642857142857,0.16964285714285715,0.29910714285714285,0.07142857142857142,1
44.666666666666664,81.29333333333334,6.033333333333334,0.0573463216132224,0.2687333639923631,0.2081225525035885,0.0736548350683557,1
15.5,79.125,5.35,0.07609953703703703,0.15383873456790123,0.26080246913580246,0.11313657407407407,1
22.0,81.175,6.65,0.07581632653061224,0.24234693877551022,0.23744897959183675,0.09122448979591836,1
56.833333333333336,75.14166666666667,7.616666666666667,0.07624116146451074,0.19765566698844186,0.2644858797094752,0.10655943350710191,1
52.142857142857146,88.22428571428573,3.4142857142857146,0.08591833599227794,0.17178893457374983,0.27111578501254247,0.11247762425693764,1
70.5,60.19500000000001,14.100000000000001,0.0877519460147394,0.21658848077663007,0.27205360049723265,0.08216917749430255,1
19.285714285714285,79.82000000000001,6.8,0.09029472206289456,0.18254104039393956,0.26397715976870473,0.08438809256223452,1
27.5,75.69,8.5,0.05678055388320289,0.2465758579169175,0.24089403973509932,0.059151113786875376,1
58.75,82.4975,3.4000000000000004,0.08895443653486729,0.19005064313542766,0.26977635623962765,0.11989892093050109,1
26.5,89.75,4.0,0.08634540751646014,0.21010042735042736,0.2595959187011818,0.08662531182268024,1
38.0,61.025,11.15,0.06025463876825898,0.21000296091590998,0.23973549151204104,0.14464074220292145,1
15.5,86.555,3.0749999999999997,0.11484056007986718,0.19237202461075964,0.24851048256831337,0.12033297157535783,1
55.0,62.005,12.6,0.09650073058900589,0.20986799012445206,0.25253186879629164,0.0808182596866025,1
48.5,90.33,2.95,0.08585475488130356,0.24106616097766542,0.2632392189914314,0.06776934962775671,1
89.0,78.08,7.7,0.11283185840707964,0.1902654867256637,0.26327433628318586,0.09955752212389381,1
126.0,77.62,8.6,0.08999320026510359,0.17794648006128366,0.28669059484769455,0.10491388437007773,1
67.5,53.7,14.55,0.11641554754885905,0.22719456272518834,0.21204552898788076,0.07379353641227208,1
22.0,86.625,3.4499999999999997,0.06174055829228243,0.2669950738916256,0.2307608100711549,0.03103448275862069,1
83.0,68.5,8.7,0.06388888888888888,0.2111111111111111,0.29444444444444445,0.09166666666666666,1
11.0,82.27,8.7,0.1111111111111111,0.18055555555555555,0.2638888888888889,0.05555555555555555,1
71.0,81.07,6.1000000000000005,0.08523141178184644,0.1977846308257653,0.25716737085781816,0.10676185388438314,1
61.0,81.33,6.9,0.04,0.1890909090909091,0.29818181818181816,0.08363636363636363,0
75.0,87.82,4.6,0.11935483870967742,0.25806451612903225,0.24838709677419354,0.06451612903225806,0
57.0,80.11,6.5,0.06934306569343066,0.23357664233576642,0.22262773722627738,0.072992700729927,0
124.0,80.31,6.1,0.0914826498422713,0.1971608832807571,0.25236593059936907,0.0946372239747634,0
71.0,77.16,8.8,0.12544802867383512,0.2114695340501792,0.22939068100358423,0.11469534050179211,0
19.0,74.02,9.1,0.11578947368421053,0.21052631578947367,0.23157894736842105,0.11578947368421053,0
51.0,58.08,8.0,0.06557377049180328,0.18032786885245902,0.30601092896174864,0.09289617486338798,0
20.0,56.76,19.5,0.0375,0.1875,0.25,0.125,0
76.0,85.39,2.5,0.06403940886699508,0.22413793103448276,0.21428571428571427,0.06896551724137931,0
24.0,94.66,2.3,0.0979020979020979,0.16783216783216784,0.3146853146853147,0.09090909090909091,0
61.0,65.05,10.0,0.07116104868913857,0.23595505617977527,0.2397003745318352,0.0898876404494382,0
0.0,0.0,0.0,0.0,0.0,0.0,0.0,0
51.0,70.33,9.1,0.08417508417508418,0.2558922558922559,0.18855218855218855,0.05387205387205387,0
30.0,86.71,4.8,0.03125,0.25,0.2734375,0.09375,0
67.0,83.36,4.9,0.07917888563049853,0.18181818181818182,0.28152492668621704,0.07917888563049853,0
79.0,91.41,4.2,0.12883435582822086,0.20245398773006135,0.22903885480572597,0.08793456032719836,0
28.0,82.88,8.1,0.05454545454545454,0.2,0.23636363636363636,0.12727272727272726,0
36.0,89.18,5.2,0.05194805194805195,0.22077922077922077,0.23376623376623376,0.08658008658008658,0
21.0,79.3,6.7,0.05555555555555555,0.26851851851851855,0.25,0.037037037037037035,0
54.0,84.27,3.5,0.05415162454873646,0.22743682310469315,0.26353790613718414,0.08664259927797834,0
24.0,86.64,5.9,0.12666666666666668,0.16666666666666666,0.3,0.07333333333333333,0
40.5,71.91499999999999,8.55,0.08410726723937775,0.20770451203467222,0.2399775559167247,0.07956040554136676,0
28.0,68.4,9.2,0.07142857142857142,0.19047619047619047,0.24603174603174602,0.14285714285714285,0
17.0,84.54,11.1,0.13008130081300814,0.15447154471544716,0.3008130081300813,0.12195121951219512,0
24.0,68.23,11.7,0.18421052631578946,0.18421052631578946,0.2631578947368421,0.06140350877192982,0
284.0,69.92,8.4,0.11526479750778816,0.21417445482866043,0.22585669781931464,0.08177570093457943,0
22.0,81.83,6.7,0.033707865168539325,0.23595505617977527,0.23595505617977527,0.12359550561797752,0
40.0,85.99,3.3,0.11063829787234042,0.19574468085106383,0.23404255319148937,0.11914893617021277,0
135.0,79.4,6.5,0.09985315712187959,0.22173274596182085,0.2422907488986784,0.08370044052863436,0
21.0,79.68,5.65,0.050216450216450215,0.24512987012987014,0.2422077922077922,0.07218614718614719,0
15.0,81.83,5.7,0.031746031746031744,0.2857142857142857,0.20634920634920634,0.06349206349206349,0
134.0,75.03,8.5,0.10497237569060773,0.21132596685082872,0.2292817679558011,0.09116022099447514,0
43.0,85.28,3.3,0.057291666666666664,0.20833333333333334,0.28125,0.08854166666666667,0
29.0,81.16,6.75,0.050239234449760764,0.2207397865292602,0.27815605447184394,0.03827751196172249,0
66.0,78.48,7.9,0.08787878787878788,0.20606060606060606,0.2515151515151515,0.07878787878787878,0
35.0,83.19,7.2,0.07462686567164178,0.1791044776119403,0.27238805970149255,0.07462686567164178,0
9.0,87.92,4.2,0.15217391304347827,0.15217391304347827,0.21739130434782608,0.10869565217391304,0
27.0,55.54,9.2,0.052083333333333336,0.2604166666666667,0.21875,0.07291666666666667,0
125.0,82.17,8.8,0.1708185053380783,0.1708185053380783,0.23013048635824437,0.07354685646500593,0
44.0,91.51,3.7,0.05853658536585366,0.23414634146341465,0.2634146341463415,0.06829268292682927,0
120.0,80.41,6.6,0.07391910739191074,0.18549511854951187,0.25523012552301255,0.09623430962343096,0
256.0,70.53,7.2,0.1076923076923077,0.20923076923076922,0.24461538461538462,0.09230769230769231,0
9.0,92.12,1.7,0.05128205128205128,0.20512820512820512,0.20512820512820512,0.05128205128205128,0
80.0,78.18,7.5,0.08955223880597014,0.18407960199004975,0.26119402985074625,0.10696517412935323,0
24.428571428571427,80.21857142857142,7.671428571428572,0.0668452880527184,0.1965163456649525,0.27084964724283606,0.09462172558147788,0
0.0,0.0,0.0,0.0,0.0,0.0,0.0,0
38.0,64.64,11.7,0.06395348837209303,0.21511627906976744,0.20930232558139536,0.0872093023255814,0
26.0,91.71,4.3,0.039735099337748346,0.2781456953642384,0.2119205298013245,0.06622516556291391,0
78.0,72.56,7.2,0.11764705882352941,0.15294117647058825,0.25588235294117645,0.12941176470588237,0
0.0,0.0,0.0,0.0,0.0,0.0,0.0,0
61.0,73.71,9.2,0.05714285714285714,0.25357142857142856,0.24285714285714285,0.060714285714285714,0
46.0,72.26,6.9,0.07727272727272727,0.22272727272727272,0.2818181818181818,0.08181818181818182,0
1.0,109.72,-0.6,0.0,0.25,0.25,0.5,0
170.0,72.9,10.9,0.07068366164542295,0.2190034762456547,0.25955967555040554,0.09501738122827347,0
214.0,74.76,12.5,0.14231014677728143,0.1748564135290364,0.2527121888959796,0.07657945118059988,0
185.0,69.82,8.2,0.08233890214797136,0.20763723150357996,0.23269689737470167,0.08353221957040573,0
61.666666666666664,74.53333333333333,8.133333333333333,0.11365305231404303,0.21229757085020243,0.21736326109391124,0.08794256569024371,0
47.0,82.54,6.0,0.07537688442211055,0.20603015075376885,0.2663316582914573,0.09045226130653267,0
0.0,0.0,0.0,0.0,0.0,0.0,0.0,0
80.0,81.63,5.8,0.12316715542521994,0.18475073313782991,0.26099706744868034,0.10263929618768329,0
54.0,73.78,7.6,0.1013215859030837,0.22026431718061673,0.2290748898678414,0.05726872246696035,0
207.0,64.48,14.8,0.08795811518324607,0.20418848167539266,0.22408376963350785,0.07225130890052356,0
102.0,72.09,10.5,0.07269155206286837,0.1944990176817289,0.24950884086444008,0.09037328094302555,0
32.5,64.595,11.1,0.07937393707482993,0.23623511904761904,0.21582695578231292,0.09600871598639456,0
23.0,65.12,8.3,0.0821917808219178,0.273972602739726,0.2602739726027397,0.0684931506849315,0
25.0,84.57,4.3,0.06306306306306306,0.2702702702702703,0.2702702702702703,0.08108108108108109,0
129.0,87.535,4.9,0.09729346283968132,0.2070555494925243,0.23081050602059006,0.0902724726254138,0
69.0,42.95,17.3,0.04830917874396135,0.2753623188405797,0.23671497584541062,0.12077294685990338,0
74.0,61.8,12.4,0.07462686567164178,0.23507462686567165,0.22388059701492538,0.09701492537313433,0
97.0,78.38,7.6,0.14553990610328638,0.17136150234741784,0.22535211267605634,0.09154929577464789,0
55.0,74.42,10.0,0.07228915662650602,0.21285140562248997,0.20080321285140562,0.09236947791164658,0
30.0,62.07,12.8,0.08791208791208792,0.3076923076923077,0.2967032967032967,0.02197802197802198,0
0.0,0.0,0.0,0.0,0.0,0.0,0.0,0
1.0,-22.6,12.0,0.0,0.0,1.0,0.0,0
57.0,69.92,8.5,0.07111111111111111,0.23555555555555555,0.2577777777777778,0.08444444444444445,0
98.66666666666667,70.58999999999999,9.9,0.0558912785029235,0.20988297511757095,0.24229062301419568,0.09580473633610999,0
36.25,78.7125,7.0249999999999995,0.059564726307624556,0.18906675341681775,0.2461681029221381,0.12268230871740543,0
43.0,91.41,4.0,0.06593406593406594,0.21978021978021978,0.2490842490842491,0.06593406593406594,0
53.0,40.46,15.05,0.07787081339712917,0.2972488038277512,0.17783094098883573,0.03807814992025518,0
31.0,94.25,2.4,0.06802721088435375,0.20408163265306123,0.2857142857142857,0.09523809523809523,0
140.0,28.65,31.2,0.05973715651135006,0.2270011947431302,0.23416965352449223,0.0979689366786141,0
236.0,83.96,4.6,0.08838568298027757,0.22132943754565376,0.2381300219138057,0.09495982468955443,0
47.0,84.37,5.2,0.16501650165016502,0.18811881188118812,0.2376237623762376,0.066006600660066,0
79.0,65.19,13.2,0.07611548556430446,0.1968503937007874,0.26246719160104987,0.10236220472440945,0
30.0,78.89,8.6,0.08333333333333333,0.2727272727272727,0.23484848484848486,0.10606060606060606,0
40.0,78.48,7.9,0.0375,0.2,0.2875,0.08125,0
105.0,71.28,10.8,0.1203883495145631,0.1766990291262136,0.24854368932038834,0.1029126213592233,0
12.0,92.63,4.2,0.18,0.12,0.32,0.12,0
53.0,83.76,4.8,0.08527131782945736,0.2364341085271318,0.26744186046511625,0.08914728682170543,0
1.0,-98.74,120.4,0.0,0.8333333333333334,0.16666666666666666,0.0,0
20.0,66.78,10.4,0.08823529411764706,0.22058823529411764,0.23529411764705882,0.10294117647058823,0
22.0,73.78,6.4,0.04054054054054054,0.25675675675675674,0.28378378378378377,0.06756756756756757,0
42.0,79.8,7.0,0.12,0.1688888888888889,0.2577777777777778,0.1111111111111111,0
71.0,80.62,7.1,0.08361204013377926,0.23745819397993312,0.2608695652173913,0.06688963210702341,0
0.0,0.0,0.0,0.0,0.0,0.0,0.0,0
26.0,85.73,7.699999999999999,0.04225352112676056,0.2535211267605634,0.18309859154929578,0.11971830985915492,0
36.0,72.36,7.8,0.029850746268656716,0.22388059701492538,0.2537313432835821,0.08955223880597014,0
15.0,83.86,4.9,0.018867924528301886,0.1509433962264151,0.3018867924528302,0.09433962264150944,0
0.0,0.0,0.0,0.0,0.0,0.0,0.0,0
0.0,0.0,0.0,0.0,0.0,0.0,0.0,0
118.0,92.83,4.2,0.10473815461346633,0.2144638403990025,0.27680798004987534,0.07356608478802992,0
8.0,75.88,15.3,0.06666666666666667,0.36666666666666664,0.2,0.06666666666666667,0
15.0,89.58,4.5,0.0851063829787234,0.20212765957446807,0.24468085106382978,0.06382978723404255,0
48.0,60.68,10.25,0.08393576866483271,0.2643464909474762,0.18978312328066022,0.09254046446164672,0
87.0,61.5,12.5,0.0906515580736544,0.17563739376770537,0.24929178470254956,0.07932011331444759,0
53.0,79.4,6.1,0.0380952380952381,0.19047619047619047,0.2857142857142857,0.0761904761904762,0
37.0,78.04,5.0,0.03773584905660377,0.23270440251572327,0.23270440251572327,0.11320754716981132,0
77.0,86.23,7.7,0.072992700729927,0.2116788321167883,0.25790754257907544,0.072992700729927,0
34.0,87.76,6.1,0.12903225806451613,0.16589861751152074,0.25806451612903225,0.09216589861751152,0
79.0,85.02,7.3,0.07889125799573561,0.2025586353944563,0.24307036247334754,0.11087420042643924,0
0.0,0.0,0.0,0.0,0.0,0.0,0.0,0
82.0,59.33,11.0,0.040955631399317405,0.19112627986348124,0.24573378839590443,0.12286689419795221,0
223.0,71.14,8.9,0.05755395683453238,0.23741007194244604,0.22816032887975335,0.08119218910585817,0
26.6,77.374,5.5,0.08114559552744326,0.21550376204225077,0.2863958084280414,0.07889665057969292,0
12.0,70.63,10.6,0.10526315789473684,0.21052631578947367,0.2894736842105263,0.07894736842105263,0
46.0,58.18,8.9,0.08888888888888889,0.26666666666666666,0.22962962962962963,0.08888888888888889,0
88.0,63.9,9.3,0.05204460966542751,0.26022304832713755,0.2527881040892193,0.06691449814126393,0
43.0,73.37,7.0,0.10666666666666667,0.26,0.15333333333333332,0.08,0
61.5,80.565,7.949999999999999,0.10222278566599054,0.23316007437457742,0.2238632521974307,0.06693711967545639,0
82.0,82.04,6.0,0.052054794520547946,0.21095890410958903,0.22465753424657534,0.11232876712328767,0
21.5,95.775,4.3,0.11368209255533199,0.23123590024998475,0.2858362294982013,0.12560209743308334,0
95.0,83.25,4.6,0.09496124031007752,0.2189922480620155,0.24031007751937986,0.07751937984496124,0
53.0,87.72,1.4,0.06666666666666667,0.23333333333333334,0.2851851851851852,0.08148148148148149,0
5.0,66.91,5.4,0.0,0.1,0.2,0.2,0
166.0,76.05,9.0,0.07721518987341772,0.20253164556962025,0.2620253164556962,0.0949367088607595,0
57.0,68.6,9.6,0.07211538461538461,0.21634615384615385,0.2692307692307692,0.07692307692307693,0
260.0,76.56,8.8,0.08261886204208885,0.23148869836321123,0.23694466095089634,0.07482462977396727,0
24.4,84.934,5.8,0.09919016329850353,0.18760522936719887,0.2854374517967958,0.08398361914459726,0
54.0,72.26,7.6,0.08450704225352113,0.215962441314554,0.27230046948356806,0.07981220657276995,0
109.0,84.78,5.0,0.06692160611854685,0.19694072657743786,0.2695984703632887,0.12810707456978968,0
48.0,83.15,6.2,0.13270142180094788,0.1895734597156398,0.25118483412322273,0.0995260663507109,0
29.0,86.44,6.0,0.0755813953488372,0.23837209302325582,0.28488372093023256,0.0755813953488372,0
100.0,61.97,10.0,0.03888888888888889,0.19722222222222222,0.22777777777777777,0.12222222222222222,0
17.0,73.98,7.4,0.04918032786885246,0.2459016393442623,0.2786885245901639,0.11475409836065574,0
31.0,81.87,8.4,0.11646586345381527,0.18072289156626506,0.24497991967871485,0.08032128514056225,0
10.0,74.53,10.4,0.10416666666666667,0.14583333333333334,0.20833333333333334,0.125,0
118.0,84.17,3.9,0.058992805755395686,0.1985611510791367,0.27913669064748203,0.07913669064748201,0
55.0,82.85,5.4,0.06995884773662552,0.18518518518518517,0.25925925925925924,0.09053497942386832,0
67.0,75.34,9.5,0.056818181818181816,0.22727272727272727,0.2196969696969697,0.08333333333333333,0
104.0,71.95,7.3,0.14342629482071714,0.20717131474103587,0.21912350597609562,0.0697211155378486,0
198.0,74.42,8.6,0.06415094339622641,0.280188679245283,0.2,0.0669811320754717,0
0.0,0.0,0.0,0.0,0.0,0.0,0.0,0
63.0,87.25,5.8,0.15210355987055016,0.18122977346278318,0.29449838187702265,0.08737864077669903,0
160.0,81.97,8.6,0.1111111111111111,0.19174041297935104,0.22123893805309736,0.09636184857423795,0
72.5,82.175,10.6,0.1362773029439696,0.17086103197214308,0.27148622981956316,0.06604146881924661,0
57.0,66.07,11.1,0.09223300970873786,0.24271844660194175,0.2669902912621359,0.07281553398058252,0
22.0,74.59,7.0,0.07042253521126761,0.18309859154929578,0.22535211267605634,0.09859154929577464,0
25.0,92.93,2.6,0.08982035928143713,0.23952095808383234,0.2275449101796407,0.0718562874251497,0
31.0,92.53,2.9,0.125,0.171875,0.2890625,0.0625,0
74.0,81.93,6.3,0.08123249299719888,0.22408963585434175,0.226890756302521,0.09523809523809523,0
59.0,81.02,5.7,0.06741573033707865,0.2247191011235955,0.21722846441947566,0.08614232209737828,0
100.0,71.24,7.4,0.08292682926829269,0.22195121951219512,0.23658536585365852,0.09024390243902439,0
63.0,86.1,5.4,0.11145510835913312,0.2043343653250774,0.26625386996904027,0.07739938080495357,0
11.0,89.89,4.4,0.06329113924050633,0.21518987341772153,0.25316455696202533,0.06329113924050633,0
0.0,0.0,0.0,0.0,0.0,0.0,0.0,0
12.0,44.08,27.1,0.12962962962962962,0.2222222222222222,0.16666666666666666,0.05555555555555555,0
21.0,95.57,2.4,0.06451612903225806,0.22580645161290322,0.24193548387096775,0.10483870967741936,0
104.0,55.47,14.0,0.09565217391304348,0.2028985507246377,0.2318840579710145,0.08695652173913043,0
22.0,70.055,7.1,0.08101135190918472,0.21517027863777088,0.24329205366357068,0.10165118679050567,0
293.0,83.66,6.2,0.07907979870596693,0.21998562185478074,0.24011502516175415,0.100647016534867,0
64.0,83.66,4.8,0.09907120743034056,0.25386996904024767,0.21362229102167182,0.05572755417956656,0
23.0,57.67,8.7,0.1095890410958904,0.2054794520547945,0.2328767123287671,0.0821917808219178,0
0.0,0.0,0.0,0.0,0.0,0.0,0.0,0
59.0,77.57,7.5,0.10080645161290322,0.15725806451612903,0.22983870967741934,0.14919354838709678,0
56.0,62.17,10.4,0.029850746268656716,0.2736318407960199,0.20398009950248755,0.0845771144278607,0
33.0,87.82,2.8,0.09036144578313253,0.20481927710843373,0.25301204819277107,0.04819277108433735,0
53.0,94.45,2.5,0.06707317073170732,0.21951219512195122,0.2621951219512195,0.09451219512195122,0
0.0,0.0,0.0,0.0,0.0,0.0,0.0,0
20.5,52.685,16.6,0.05865836226260976,0.18894220951603022,0.2812946702062487,0.09367980396160915,0
11.0,77.23,4.5,0.044444444444444446,0.24444444444444444,0.2,0.08888888888888889,0
89.0,65.42,8.4,0.11144578313253012,0.21385542168674698,0.21084337349397592,0.08433734939759036,0
12.0,89.45,0.7,0.11764705882352941,0.23529411764705882,0.3137254901960784,0.11764705882352941,0
198.0,85.52,7.6,0.13178913738019168,0.1964856230031949,0.23482428115015974,0.07747603833865814,0
61.0,76.56,7.1,0.10666666666666667,0.22,0.21666666666666667,0.06666666666666667,0
13.0,73.0,11.6,0.1702127659574468,0.2127659574468085,0.2127659574468085,0.10638297872340426,0
24.0,72.87666666666667,7.833333333333333,0.05340655094313984,0.17615963710732585,0.2429135130917481,0.09571925924628433,0
18.0,77.53,3.2,0.03896103896103896,0.2857142857142857,0.24675324675324675,0.11688311688311688,0
3.0,84.34,2.9,0.1111111111111111,0.1111111111111111,0.4444444444444444,0.1111111111111111,0
34.0,63.9,9.1,0.12307692307692308,0.2,0.23076923076923078,0.05384615384615385,0
21.0,72.87,7.7,0.07291666666666667,0.15625,0.28125,0.052083333333333336,0
102.0,69.41,8.4,0.1054945054945055,0.18681318681318682,0.21978021978021978,0.09230769230769231,0
33.0,85.52,6.1,0.14814814814814814,0.19444444444444445,0.19907407407407407,0.08333333333333333,0
31.0,92.63,3.8,0.13,0.22,0.215,0.105,0
0.0,0.0,0.0,0.0,0.0,0.0,0.0,0
42.0,68.7,8.4,0.05,0.21666666666666667,0.22777777777777777,0.12222222222222222,0
179.0,94.25,2.8,0.0784313725490196,0.22595704948646125,0.24929971988795518,0.0718954248366013,0
55.0,78.965,7.966666666666668,0.07010783280024085,0.22871924554009085,0.26069389748858895,0.08713147445818832,0
210.0,68.5,10.7,0.05835240274599542,0.22654462242562928,0.19908466819221968,0.07551487414187644,0
63.0,87.435,4.85,0.08948364037339113,0.23841232723055572,0.23666324454837545,0.07358980208749216,0
147.0,76.35,8.5,0.08378378378378379,0.20135135135135135,0.2635135135135135,0.06486486486486487,0
56.0,69.31,9.2,0.06441717791411043,0.19325153374233128,0.2668711656441718,0.1196319018404908,0
15.0,76.35,6.5,0.07228915662650602,0.26506024096385544,0.1927710843373494,0.024096385542168676,0
44.5,76.5975,7.425,0.0861121400917931,0.1954985907264019,0.23471176903963945,0.11515193831298073,0
70.0,80.51,6.6,0.14603174603174604,0.15555555555555556,0.26031746031746034,0.12063492063492064,0
0.0,0.0,0.0,0.0,0.0,0.0,0.0,0
29.0,91.0,4.4,0.12690355329949238,0.2182741116751269,0.22842639593908629,0.05583756345177665,0
19.0,75.5,5.3,0.0759493670886076,0.17721518987341772,0.26582278481012656,0.13924050632911392,0
90.0,84.17,4.8,0.102803738317757,0.20327102803738317,0.20327102803738317,0.10514018691588785,0
35.0,72.66,7.9,0.10606060606060606,0.19696969696969696,0.21212121212121213,0.11363636363636363,0
38.0,93.54,2.5,0.049019607843137254,0.25980392156862747,0.20098039215686275,0.09313725490196079,0
118.0,79.09,7.1,0.09294320137693632,0.2099827882960413,0.24268502581755594,0.0963855421686747,0
28.0,83.36,4.1,0.11258278145695365,0.18543046357615894,0.25165562913907286,0.12582781456953643,0
49.0,83.96,4.2,0.0796812749003984,0.18326693227091634,0.250996015936255,0.12749003984063745,0
61.0,81.53,6.8,0.033582089552238806,0.26492537313432835,0.24253731343283583,0.055970149253731345,0
22.0,100.17,3.2,0.16901408450704225,0.19014084507042253,0.2676056338028169,0.06338028169014084,0
30.0,88.61500000000001,5.050000000000001,0.09723741240328918,0.17458581439624093,0.24097703244622676,0.12050876979786933,0
35.0,67.62,13.1,0.12837837837837837,0.16891891891891891,0.2972972972972973,0.08108108108108109,0
21.0,54.02,10.8,0.027777777777777776,0.2222222222222222,0.2777777777777778,0.16666666666666666,0
118.0,92.93,3.1,0.1276005547850208,0.20110957004160887,0.24687933425797504,0.08599167822468794,0
48.0,73.81,9.7,0.10852713178294573,0.18992248062015504,0.26744186046511625,0.07364341085271318,0
4.0,96.52,4.5,0.058823529411764705,0.23529411764705882,0.11764705882352941,0.23529411764705882,0
24.0,71.34,9.6,0.0449438202247191,0.21348314606741572,0.24719101123595505,0.11235955056179775,0
60.0,85.79,4.4,0.0979020979020979,0.24475524475524477,0.27972027972027974,0.11888111888111888,0
109.0,53.48,17.2,0.04597701149425287,0.2482758620689655,0.18850574712643678,0.07586206896551724,0
0.0,0.0,0.0,0.0,0.0,0.0,0.0,0
35.0,75.91,4.9,0.043478260869565216,0.2391304347826087,0.2391304347826087,0.09420289855072464,0
50.25,63.129999999999995,13.024999999999999,0.06754141864189239,0.21005568487309506,0.22405400995053298,0.0869624146180742,0
43.5,76.655,8.1,0.07079409603953785,0.20809123088225473,0.2779169171174781,0.07737260402057036,0
79.0,76.11,4.5,0.09037900874635568,0.21574344023323616,0.25072886297376096,0.061224489795918366,0
24.0,72.05,4.6,0.030303030303030304,0.24242424242424243,0.24242424242424243,0.11363636363636363,0
98.0,97.91,3.0,0.14241001564945227,0.22848200312989045,0.24882629107981222,0.08294209702660407,0
150.0,62.72,13.1,0.08710217755443886,0.21943048576214405,0.21273031825795644,0.06532663316582915,0
15.0,75.2,6.5,0.05357142857142857,0.17857142857142858,0.25,0.07142857142857142,0
32.0,72.87,8.4,0.036036036036036036,0.2882882882882883,0.1981981981981982,0.0990990990990991,0
0.0,0.0,0.0,0.0,0.0,0.0,0.0,0
29.0,76.66,6.8,0.04827586206896552,0.22758620689655173,0.2689655172413793,0.07586206896551724,0
30.5,87.25500000000001,4.825,0.07130724536124615,0.22046390666808485,0.25574476582556993,0.0714934837422027,0
68.0,88.61500000000001,4.949999999999999,0.08809362279511534,0.1888738127544098,0.20186567164179103,0.1326662143826323,0
48.5,69.315,8.5,0.08327285921625543,0.16934951840612217,0.2884450455205172,0.07908365219685974,0
24.0,57.64,13.0,0.11956521739130435,0.18478260869565216,0.20652173913043478,0.08695652173913043,0
109.0,81.12,5.3,0.11512027491408934,0.19759450171821305,0.24398625429553264,0.08762886597938144,0
48.8,80.588,6.1899999999999995,0.11174644405798913,0.18973085828009023,0.2549685789119368,0.10778062913924827,0
9.0,97.2,0.1,0.10144927536231885,0.21739130434782608,0.2608695652173913,0.13043478260869565,0
53.0,83.05,5.3,0.07931034482758621,0.2206896551724138,0.27586206896551724,0.04827586206896552,0
62.0,64.95,10.3,0.055900621118012424,0.2484472049689441,0.2204968944099379,0.13043478260869565,0
60.0,73.0,9.3,0.06808510638297872,0.23404255319148937,0.2297872340425532,0.08936170212765958,0
48.0,84.51,8.4,0.14122137404580154,0.14885496183206107,0.2633587786259542,0.08015267175572519,0
43.0,74.12,9.4,0.03553299492385787,0.22842639593908629,0.27918781725888325,0.07614213197969544,0
0.0,0.0,0.0,0.0,0.0,0.0,0.0,0
9.0,101.59,3.2,0.04838709677419355,0.25806451612903225,0.2903225806451613,0.12903225806451613,0
9.0,92.93,2.9,0.06,0.24,0.24,0.08,0
14.0,71.31,13.4,0.13043478260869565,0.15942028985507245,0.2898550724637681,0.07246376811594203,0
218.0,82.44,4.8,0.08227374719521316,0.2011967090501122,0.24308152580403888,0.09947643979057591,0
35.0,84.61,6.9,0.08627450980392157,0.17647058823529413,0.27450980392156865,0.09411764705882353,0
65.0,82.24,6.0,0.048327137546468404,0.2379182156133829,0.22676579925650558,0.06691449814126393,0
91.0,85.28,4.0,0.08962264150943396,0.24528301886792453,0.27358490566037735,0.05188679245283019,0
47.0,29.99,15.2,0.024,0.248,0.216,0.096,0
33.0,82.24,4.8,0.1111111111111111,0.21604938271604937,0.2345679012345679,0.08641975308641975,0
22.0,78.38,7.8,0.17094017094017094,0.15384615384615385,0.2564102564102564,0.07692307692307693,0
60.0,70.23,7.8,0.12403100775193798,0.1744186046511628,0.2441860465116279,0.10077519379844961,0
86.0,84.27,3.8,0.07797270955165692,0.21832358674463936,0.24171539961013644,0.08187134502923976,0
21.0,91.41,4.2,0.06930693069306931,0.25742574257425743,0.25742574257425743,0.06930693069306931,0
53.0,68.205,9.325,0.0864996240097683,0.17131407810421506,0.3024892730069622,0.09349155841953397,0
242.0,80.82,5.9,0.10513296227581942,0.17192331478045764,0.22077922077922077,0.1360544217687075,0
22.0,95.67,3.4,0.09090909090909091,0.2066115702479339,0.2231404958677686,0.10743801652892562,0
12.0,54.73,9.9,0.058823529411764705,0.2647058823529412,0.17647058823529413,0.11764705882352941,0
14.0,78.32666666666667,4.7,0.09053440744838372,0.1702665087739781,0.23550472844125445,0.09216337074945284,0
25.0,70.33,8.8,0.04424778761061947,0.19469026548672566,0.35398230088495575,0.12389380530973451,0
78.0,73.275,7.050000000000001,0.04768875192604006,0.2327426810477658,0.23501540832049306,0.07336286594761171,0
27.0,87.15,5.2,0.07738095238095238,0.2261904761904762,0.2261904761904762,0.125,0
54.0,87.92,4.8,0.1392857142857143,0.15,0.26785714285714285,0.09285714285714286,0
27.0,81.77,8.3,0.05128205128205128,0.20512820512820512,0.21367521367521367,0.1111111111111111,0
26.0,77.37,8.4,0.128,0.176,0.288,0.096,0
50.0,80.41,5.9,0.04743083003952569,0.22924901185770752,0.24110671936758893,0.09881422924901186,0
1.0,-707.86,289.9,0.0,0.5,0.25,0.0,0
60.0,77.27,6.3,0.06109324758842444,0.21543408360128619,0.2540192926045016,0.07717041800643087,0
47.0,85.49,5.7,0.14646464646464646,0.20202020202020202,0.25252525252525254,0.05555555555555555,0
23.0,61.63,6.2,0.13043478260869565,0.18840579710144928,0.2608695652173913,0.14492753623188406,0
31.0,76.76,8.2,0.10084033613445378,0.25210084033613445,0.17647058823529413,0.1092436974789916,0
86.0,82.95,4.5,0.09243697478991597,0.22478991596638656,0.20588235294117646,0.07773109243697479,0
134.0,84.17,4.0,0.06446776611694154,0.19490254872563717,0.25037481259370314,0.08995502248875563,0
16.0,82.14,5.6,0.06666666666666667,0.15555555555555556,0.2,0.16666666666666666,0
45.0,85.08,4.0,0.05670103092783505,0.2268041237113402,0.27835051546391754,0.08247422680412371,0
88.0,66.27,9.2,0.08352668213457076,0.16705336426914152,0.2668213457076566,0.13225058004640372,0
75.0,76.66,8.7,0.09859154929577464,0.15492957746478872,0.28169014084507044,0.09014084507042254,0
24.0,57.98,15.3,0.03125,0.3645833333333333,0.21875,0.08333333333333333,0
150.0,80.11,7.0,0.07017543859649122,0.20917678812415655,0.27530364372469635,0.10256410256410256,0
62.333333333333336,79.51,8.066666666666666,0.09457442300936468,0.20550821935486466,0.24890816355504997,0.09474624366063648,0
18.0,78.79,6.1,0.04054054054054054,0.13513513513513514,0.20270270270270271,0.10810810810810811,0
0.0,0.0,0.0,0.0,0.0,0.0,0.0,0
105.0,85.18,4.8,0.08387096774193549,0.20430107526881722,0.23655913978494625,0.07956989247311828,0
109.0,68.4,9.2,0.06485355648535565,0.25313807531380755,0.2112970711297071,0.07740585774058577,0
10.0,80.11,6.9,0.058823529411764705,0.2647058823529412,0.20588235294117646,0.11764705882352941,0
118.0,89.48,6.3,0.06784660766961652,0.23893805309734514,0.22566371681415928,0.10324483775811209,0
96.0,78.38,7.9,0.11063829787234042,0.19148936170212766,0.2553191489361702,0.07872340425531915,0
16.0,70.5,4.6,0.05084745762711865,0.2033898305084746,0.288135593220339,0.1694915254237288,0
1.0,76.89,-4.2,0.0,0.6666666666666666,0.3333333333333333,0.0,0
15.0,71.48,10.6,0.08,0.2,0.17333333333333334,0.14666666666666667,0
5.0,77.57,17.1,0.12,0.32,0.28,0.0,0
29.0,75.54,8.0,0.0392156862745098,0.17647058823529413,0.3006535947712418,0.13725490196078433,0
250.0,74.22,9.5,0.12292118582791034,0.19233550253073028,0.2378886478669559,0.07447577729573392,0
21.833333333333332,92.11333333333334,2.3666666666666667,0.07371250610666091,0.19986362124303947,0.2767955199236542,0.120700323586598,0
23.0,74.02,10.4,0.07526881720430108,0.20430107526881722,0.23655913978494625,0.08602150537634409,0
76.0,79.30000000000001,6.65,0.0735535775419377,0.20491270112975007,0.2781581650119822,0.08670831906881205,0
70.0,81.12,5.9,0.03968253968253968,0.24074074074074073,0.23015873015873015,0.10052910052910052,0
121.0,91.0,4.5,0.10262828535669587,0.20901126408010012,0.24780976220275344,0.07759699624530664,0
52.0,65.29,13.0,0.05423728813559322,0.22372881355932203,0.26440677966101694,0.08813559322033898,0
36.0,76.42,6.1,0.06504065040650407,0.25203252032520324,0.23577235772357724,0.0975609756097561,0
15.0,78.65,5.0,0.16326530612244897,0.1836734693877551,0.32653061224489793,0.04081632653061224,0
43.0,82.04,5.7,0.0962566844919786,0.25133689839572193,0.2192513368983957,0.06951871657754011,0
38.5,96.78999999999999,1.8499999999999999,0.10273095479182798,0.19856751444398119,0.26118291738638394,0.08688724760259695,0
39.0,93.95,2.9,0.06930693069306931,0.18316831683168316,0.28217821782178215,0.10396039603960396,0
30.0,51.48,21.3,0.07194244604316546,0.17266187050359713,0.35251798561151076,0.05755395683453238,0
48.5,87.5,5.3,0.12733056614044638,0.1885206859009254,0.26614384866630375,0.06821584104518236,0
17.0,66.37,11.3,0.028169014084507043,0.28169014084507044,0.18309859154929578,0.09859154929577464,0
63.0,85.59,3.4,0.08843537414965986,0.2108843537414966,0.23469387755102042,0.06802721088435375,0
41.0,101.8,3.7,0.07142857142857142,0.21031746031746032,0.2619047619047619,0.06746031746031746,0
105.0,78.38,7.7,0.04158004158004158,0.23492723492723494,0.2390852390852391,0.1101871101871102,0
64.0,76.66,7.9,0.061224489795918366,0.2108843537414966,0.24149659863945577,0.11224489795918367,0
0.0,0.0,0.0,0.0,0.0,0.0,0.0,0
63.0,82.44,5.6,0.07755102040816327,0.18775510204081633,0.2653061224489796,0.08571428571428572,0
147.0,73.81,9.4,0.06417112299465241,0.22192513368983957,0.25133689839572193,0.058823529411764705,0
47.0,74.32,8.9,0.058823529411764705,0.19607843137254902,0.2549019607843137,0.10784313725490197,0
140.0,71.6,7.5,0.07292905883867645,0.2117239603450496,0.2376129779837775,0.08470709411613236,0
148.0,80.51,6.3,0.0889132821075741,0.20636663007683864,0.23380900109769484,0.10318331503841932,0
21.0,75.07,12.0,0.13725490196078433,0.17647058823529413,0.3006535947712418,0.1111111111111111,0
0.0,0.0,0.0,0.0,0.0,0.0,0.0,0
94.0,78.38,7.6,0.07032967032967033,0.2175824175824176,0.22857142857142856,0.09010989010989011,0
69.0,84.41,7.8,0.14824120603015076,0.1457286432160804,0.228643216080402,0.11557788944723618,0
20.0,68.1,7.9,0.036585365853658534,0.2073170731707317,0.21951219512195122,0.17073170731707318,0
8.0,70.8,5.6,0.06896551724137931,0.27586206896551724,0.2413793103448276,0.10344827586206896,0
7.0,92.46,18.7,0.046511627906976744,0.27906976744186046,0.20930232558139536,0.046511627906976744,0
13.0,82.85,5.4,0.034482758620689655,0.1896551724137931,0.22413793103448276,0.06896551724137931,0
0.0,0.0,0.0,0.0,0.0,0.0,0.0,0
58.0,69.31,9.4,0.09375,0.21875,0.23828125,0.03515625,0
0.0,0.0,0.0,0.0,0.0,0.0,0.0,0
18.0,90.8,4.9,0.09090909090909091,0.14772727272727273,0.25,0.06818181818181818,0
41.0,74.46,12.6,0.06354515050167224,0.1806020066889632,0.2709030100334448,0.11371237458193979,0
87.0,70.97,10.7,0.06576402321083172,0.17408123791102514,0.2495164410058027,0.10831721470019343,0
95.0,79.8,6.2,0.14699792960662525,0.19461697722567287,0.2505175983436853,0.08488612836438923,0
84.0,79.5,6.0,0.05827505827505827,0.23543123543123542,0.23543123543123542,0.05827505827505827,0
26.0,66.94,7.8,0.05,0.2875,0.225,0.0875,0
126.0,74.305,7.85,0.08039910504474776,0.2184422028898555,0.24861256937153142,0.09509524523773812,0
150.0,82.14,6.2,0.0641025641025641,0.23504273504273504,0.25071225071225073,0.0811965811965812,0
112.0,63.73,12.1,0.05856832971800434,0.2299349240780911,0.24295010845986983,0.09327548806941431,0
19.0,82.34,6.2,0.0989010989010989,0.23076923076923078,0.2967032967032967,0.08791208791208792,0
23.666666666666668,83.17666666666668,6.866666666666667,0.07924482924482924,0.20415938836991468,0.29211918685602895,0.05959975696817802,0
17.0,82.85,4.3,0.05555555555555555,0.18888888888888888,0.2777777777777778,0.1,0
14.0,86.6,3.0,0.013157894736842105,0.27631578947368424,0.2631578947368421,0.14473684210526316,0
95.0,77.67,7.6,0.0533596837944664,0.22924901185770752,0.2075098814229249,0.09090909090909091,0
255.0,73.07,7.8,0.06479690522243714,0.21470019342359767,0.23887814313346228,0.08704061895551257,0
0.0,0.0,0.0,0.0,0.0,0.0,0.0,0
120.0,73.58,6.7,0.10238907849829351,0.21160409556313994,0.24061433447098976,0.07508532423208192,0
140.0,77.57,8.0,0.03873744619799139,0.21951219512195122,0.25968436154949787,0.09612625538020086,0
68.0,82.54,5.6,0.06824146981627296,0.24146981627296588,0.27034120734908135,0.05774278215223097,0
49.0,82.85,4.7,0.08733624454148471,0.1965065502183406,0.2663755458515284,0.08733624454148471,0
8.0,93.85,3.5,0.08571428571428572,0.17142857142857143,0.4857142857142857,0.05714285714285714,0
22.0,83.36,5.4,0.09090909090909091,0.1919191919191919,0.2222222222222222,0.12121212121212122,0
14.0,99.26,3.5,0.14189189189189189,0.18243243243243243,0.2905405405405405,0.04054054054054054,0
49.0,87.96,7.0,0.10276679841897234,0.2648221343873518,0.233201581027668,0.07509881422924901,0
36.0,83.09,7.2,0.12222222222222222,0.18888888888888888,0.21666666666666667,0.11666666666666667,0
19.0,70.9,5.8,0.014925373134328358,0.2537313432835821,0.2835820895522388,0.029850746268656716,0
90.0,78.89,7.1,0.07125307125307126,0.24078624078624078,0.21621621621621623,0.07862407862407862,0
0.0,0.0,0.0,0.0,0.0,0.0,0.0,0
53.0,89.68,4.8,0.11320754716981132,0.17358490566037735,0.26037735849056604,0.12075471698113208,0
12.0,79.6,6.6,0.057692307692307696,0.28846153846153844,0.25,0.019230769230769232,0
58.0,90.39,5.5,0.07017543859649122,0.20350877192982456,0.28421052631578947,0.10526315789473684,0
46.0,59.74,10.9,0.0855614973262032,0.24598930481283424,0.21390374331550802,0.12299465240641712,0
42.42857142857143,86.66285714285716,5.114285714285714,0.10819540019915527,0.21119652375709919,0.24845759684468774,0.07316286118276523,0
135.0,72.36,8.6,0.06420545746388442,0.2247191011235955,0.2712680577849117,0.08346709470304976,0
9.0,93.44,2.6,0.1111111111111111,0.1388888888888889,0.3333333333333333,0.16666666666666666,0
32.333333333333336,78.36,6.2,0.09215819521390754,0.22691169187178217,0.26929391122731444,0.09096570338205427,0
47.0,76.56,8.5,0.1148936170212766,0.1574468085106383,0.2680851063829787,0.11914893617021277,0
0.0,0.0,0.0,0.0,0.0,0.0,0.0,0
41.0,85.89,4.6,0.0718232044198895,0.22099447513812154,0.287292817679558,0.07734806629834254,0
87.0,75.81,5.5,0.10746268656716418,0.2298507462686567,0.23283582089552238,0.08955223880597014,0
0.0,0.0,0.0,0.0,0.0,0.0,0.0,0
114.0,80.01,8.4,0.09019607843137255,0.21176470588235294,0.2235294117647059,0.08235294117647059,0
234.0,78.99,6.3,0.08833922261484099,0.19010600706713782,0.2381625441696113,0.09045936395759717,0
19.0,56.45,14.0,0.04285714285714286,0.35714285714285715,0.15714285714285714,0.02857142857142857,0
66.0,85.42,6.7,0.12254901960784313,0.18382352941176472,0.2181372549019608,0.08333333333333333,0
43.0,79.33,10.5,0.07834101382488479,0.2304147465437788,0.2903225806451613,0.07373271889400922,0
119.0,66.61,13.4,0.0554675118858954,0.23454833597464342,0.2583201267828843,0.08240887480190175,0
244.0,77.57,8.5,0.11233108108108109,0.22804054054054054,0.2195945945945946,0.07432432432432433,0
0.0,0.0,0.0,0.0,0.0,0.0,0.0,0
11.0,84.17,3.9,0.05555555555555555,0.18518518518518517,0.3148148148148148,0.12962962962962962,0
72.0,84.2,7.3,0.10643564356435643,0.15841584158415842,0.25495049504950495,0.12128712871287128,0
4.0,-255.08,92.2,0.0,0.9411764705882353,0.0,0.0,0
37.0,72.66,6.8,0.06172839506172839,0.19753086419753085,0.25925925925925924,0.08024691358024691,0
66.0,79.9,6.8,0.12121212121212122,0.19696969696969696,0.296969696969697,0.06363636363636363,0
5.0,90.6,5.0,0.03225806451612903,0.25806451612903225,0.25806451612903225,0.0967741935483871,0
53.0,88.45,4.6,0.10083979328165374,0.21886304909560722,0.2436950904392765,0.0850516795865633,0
23.0,50.16,13.6,0.04411764705882353,0.2647058823529412,0.27941176470588236,0.08823529411764706,0
0.0,0.0,0.0,0.0,0.0,0.0,0.0,0
43.0,76.01,6.7,0.07017543859649122,0.17543859649122806,0.23391812865497075,0.15204678362573099,0
29.0,75.25124999999998,7.824999999999999,0.09725517503938585,0.2078101328266312,0.2417926558917292,0.09131467955758744,0
92.0,63.43,10.7,0.06933333333333333,0.17066666666666666,0.224,0.12533333333333332,0
0.0,0.0,0.0,0.0,0.0,0.0,0.0,0
66.0,73.88,6.2,0.07407407407407407,0.23703703703703705,0.23333333333333334,0.08148148148148149,0
135.0,79.4,7.3,0.1111111111111111,0.16666666666666666,0.2580246913580247,0.09382716049382717,0
147.0,71.58,11.7,0.08613138686131387,0.21605839416058395,0.2364963503649635,0.07883211678832117,0
39.0,94.66,1.5,0.07142857142857142,0.1870748299319728,0.3435374149659864,0.06802721088435375,0
46.0,75.44,10.1,0.1,0.19444444444444445,0.25,0.1111111111111111,0
38.0,88.97,5.7,0.10091743119266056,0.2018348623853211,0.2706422018348624,0.0963302752293578,0
100.0,80.21,6.8,0.12811387900355872,0.18683274021352314,0.28113879003558717,0.09786476868327403,0
28.0,91.51,4.3,0.11976047904191617,0.20359281437125748,0.25748502994011974,0.08383233532934131,0
19.0,84.78,2.5,0.12389380530973451,0.18584070796460178,0.3274336283185841,0.05309734513274336,0
124.0,78.79,7.6,0.0718132854578097,0.19569120287253142,0.26570915619389585,0.06463195691202872,0
31.0,69.25,11.1,0.03867403314917127,0.2154696132596685,0.26519337016574585,0.06629834254143646,0
38.0,76.76,8.3,0.04891304347826087,0.1956521739130435,0.2826086956521739,0.13043478260869565,0
12.0,96.18,0.4,0.06756756756756757,0.21621621621621623,0.25675675675675674,0.13513513513513514,0
103.0,81.63,5.7,0.096579476861167,0.19114688128772636,0.2676056338028169,0.11670020120724346,0
9.0,99.77,3.6,0.08928571428571429,0.21428571428571427,0.17857142857142858,0.03571428571428571,0
19.0,69.68,5.1,0.05333333333333334,0.17333333333333334,0.25333333333333335,0.17333333333333334,0
37.0,46.48,20.3,0.10317460317460317,0.18253968253968253,0.25396825396825395,0.07142857142857142,0
30.0,-53.36,72.5,0.0759493670886076,0.189873417721519,0.31645569620253167,0.06962025316455696,0
24.666666666666668,78.17666666666666,7.833333333333333,0.10237282497344417,0.18735753410676012,0.25583642363828124,0.07510291566019121,0
25.0,86.4,5.2,0.0625,0.2604166666666667,0.22916666666666666,0.11458333333333333,0
51.0,92.53,4.4,0.058419243986254296,0.18900343642611683,0.2920962199312715,0.09278350515463918,0
8.0,62.01,13.1,0.0,0.2222222222222222,0.2222222222222222,0.1111111111111111,0
62.0,82.34,5.9,0.11,0.17666666666666667,0.27,0.08666666666666667,0
54.0,81.73,5.3,0.057432432432432436,0.21283783783783783,0.23986486486486486,0.09797297297297297,0
90.0,72.66,8.3,0.09198113207547169,0.20518867924528303,0.2641509433962264,0.0589622641509434,0
37.0,83.56,5.6,0.07303370786516854,0.21910112359550563,0.2247191011235955,0.11235955056179775,0
63.0,80.51,6.7,0.07664233576642336,0.19708029197080293,0.2773722627737226,0.10583941605839416,0
141.0,74.12,10.3,0.12188365650969529,0.1745152354570637,0.23961218836565096,0.07340720221606649,0
10.0,100.78,2.7,0.12727272727272726,0.14545454545454545,0.3090909090909091,0.07272727272727272,0
76.0,70.23,8.3,0.15300546448087432,0.1721311475409836,0.25956284153005466,0.09562841530054644,0
9.0,90.63,2.95,0.21265938069216758,0.19808743169398907,0.23406193078324225,0.07194899817850638,0
49.0,81.87,9.1,0.059322033898305086,0.19491525423728814,0.24152542372881355,0.09745762711864407,0
122.0,78.89,8.0,0.052158273381294966,0.22841726618705036,0.2446043165467626,0.12410071942446044,0
42.0,61.8,12.7,0.0661764705882353,0.22794117647058823,0.22794117647058823,0.0661764705882353,0
11.0,45.76,13.0,0.13513513513513514,0.2702702702702703,0.21621621621621623,0.08108108108108109,0
50.0,84.07,3.7,0.0875,0.215625,0.275,0.05625,0
32.0,62.905,14.95,0.06768774703557312,0.18478260869565216,0.20306324110671936,0.06175889328063241,0
21.0,73.51,9.5,0.05102040816326531,0.21428571428571427,0.25510204081632654,0.061224489795918366,0
38.0,74.32,9.2,0.0962566844919786,0.20855614973262032,0.25668449197860965,0.08021390374331551,0
6.0,98.31,0.1,0.13043478260869565,0.2463768115942029,0.2608695652173913,0.043478260869565216,0
9.0,100.38,3.0,0.09259259259259259,0.2222222222222222,0.24074074074074073,0.07407407407407407,0
68.0,73.41,10.3,0.08059701492537313,0.1701492537313433,0.2507462686567164,0.10149253731343283,0
54.0,83.36,5.7,0.1,0.2,0.248,0.112,0
44.0,82.86500000000001,6.9,0.049086038449416954,0.26000630318310747,0.18614087614245195,0.13374566656161363,0
49.0,85.79,4.2,0.058823529411764705,0.19607843137254902,0.27941176470588236,0.09803921568627451,0
117.0,72.97,7.4,0.07436399217221135,0.2054794520547945,0.2446183953033268,0.09393346379647749,0
58.0,88.63,3.4,0.1214574898785425,0.20647773279352227,0.2793522267206478,0.11336032388663968,0
11.0,67.04,7.1,0.14285714285714285,0.30952380952380953,0.16666666666666666,0.023809523809523808,0
34.0,81.87,8.1,0.05154639175257732,0.25773195876288657,0.25257731958762886,0.08247422680412371,0
42.0,63.73,11.6,0.14450867052023122,0.17341040462427745,0.2658959537572254,0.07514450867052024,0
60.0,81.14500000000001,7.35,0.0797649391107335,0.21240441801189464,0.2474653072783914,0.07955253469272161,0
16.0,94.25,2.7,0.08641975308641975,0.2222222222222222,0.2962962962962963,0.06172839506172839,0
86.5,81.495,8.0,0.07975773915371231,0.22031491997934952,0.2504349987571464,0.06307481978622918,0
54.5,88.585,2.4,0.06117563162184189,0.32080277098614507,0.18108190709046457,0.08323145884270577,0
51.0,65.25,10.3,0.07407407407407407,0.16666666666666666,0.25925925925925924,0.11574074074074074,0
48.0,77.755,5.85,0.06153153153153153,0.20561561561561562,0.2846246246246246,0.10854354354354354,0
44.0,55.58,11.9,0.06756756756756757,0.25675675675675674,0.18243243243243243,0.06756756756756757,0
8.0,88.02,4.7,0.21428571428571427,0.21428571428571427,0.32142857142857145,0.07142857142857142,0
311.0,84.41,8.0,0.10214741729541497,0.23041207196749855,0.22344747533372025,0.06906558328496808,0
32.0,95.77,1.6,0.04516129032258064,0.23225806451612904,0.2903225806451613,0.10967741935483871,0
26.5,92.765,2.1,0.05611079383209594,0.20973729297544258,0.26113649343232437,0.09266133637921188,0
51.0,90.8,3.8,0.15151515151515152,0.1606060606060606,0.3,0.05757575757575758,0
54.0,82.44,5.6,0.1532567049808429,0.22988505747126436,0.2260536398467433,0.06513409961685823,0
13.75,72.1575,7.450000000000001,0.06809520274199735,0.24143705841592733,0.25560022953091555,0.1018864378781692,0
61.0,77.13,5.3,0.08088235294117647,0.23161764705882354,0.2757352941176471,0.0625,0
0.0,0.0,0.0,0.0,0.0,0.0,0.0,0
71.0,72.05,7.5,0.07534246575342465,0.1952054794520548,0.2945205479452055,0.07876712328767123,0
132.0,81.53,5.9,0.08395802098950525,0.20089955022488756,0.2683658170914543,0.07646176911544228,0
58.0,83.66,4.8,0.0711864406779661,0.20677966101694914,0.29152542372881357,0.08813559322033898,0
25.0,69.48,7.2,0.09333333333333334,0.22666666666666666,0.26666666666666666,0.08,0
28.0,63.5,17.5,0.05714285714285714,0.2057142857142857,0.26857142857142857,0.08,0
42.111111111111114,82.63777777777779,5.122222222222222,0.08432111144147411,0.23036183390383924,0.22230188456102923,0.08109743389856235,0
85.0,85.18,5.2,0.08072916666666667,0.1953125,0.2734375,0.06510416666666667,0
32.0,83.19999999999999,5.6,0.048886948930597994,0.22177360686745234,0.21948203113633058,0.11537901935108395,0
1.0,-1164.7,271.1,0.0,1.0,0.0,0.0,0
36.0,70.77,11.6,0.055900621118012424,0.19875776397515527,0.2732919254658385,0.08695652173913043,0
56.0,94.56,2.8,0.06844106463878327,0.20912547528517111,0.2661596958174905,0.06844106463878327,0
