negative_score,neutral_score,positive_score,compound_score,is_mh_sw
0.16149999999999998,0.7729999999999999,0.065,-0.8896,1
0.0,0.0,0.0,0.0,1
0.172875,0.7298749999999998,0.09737499999999999,-0.3773625,1
0.135,0.771,0.09419999999999999,-0.5255599999999999,1
0.059,0.6970000000000001,0.244,0.48645,1
0.1416666666666667,0.7156666666666668,0.14233333333333334,0.14360000000000003,1
0.16849999999999998,0.687,0.1445,-0.2021,1
0.21683333333333335,0.6871666666666666,0.09583333333333333,-0.4961,1
0.12346153846153846,0.7360769230769233,0.14038461538461539,-0.0013999999999999996,1
0.15899999999999997,0.744,0.097,-0.98795,1
0.048,0.7645,0.1875,0.93445,1
0.16849999999999998,0.713,0.1185,-0.6920999999999999,1
0.10266666666666667,0.7130000000000001,0.18433333333333335,-0.16346666666666668,1
0.135,0.741,0.124,-0.5154,1
0.1235,0.7324999999999999,0.1445,-0.3076,1
0.1745,0.74,0.08549999999999999,-0.8882,1
0.078,0.81,0.112,0.885,1
0.1235,0.7065,0.16949999999999998,0.01924999999999999,1
0.16875,0.7064999999999999,0.125,-0.31005,1
0.1572,0.6738000000000001,0.1688,-0.003960000000000008,1
0.135,0.722,0.143,-0.4496,1
0.21899999999999997,0.6945,0.0865,-0.06464999999999999,1
0.20099999999999998,0.7095,0.0895,0.057999999999999996,1
0.0955,0.819,0.085,0.11120000000000002,1
0.17149999999999999,0.734,0.0945,-0.9734499999999999,1
0.1315,0.804,0.0645,-0.3874,1
0.17,0.7643333333333334,0.06533333333333334,-0.9782000000000001,1
0.261,0.6775,0.0615,-0.99885,1
0.11649999999999999,0.7264999999999999,0.1575,0.23310000000000003,1
0.13,0.7533333333333333,0.11699999999999999,-0.363,1
0.123,0.7324999999999999,0.1445,0.05995,1
0.159,0.771,0.07,-0.9944,1
0.1825,0.716,0.10149999999999999,-0.9722,1
0.148,0.694,0.15833333333333333,-0.2328666666666667,1
0.0965,0.7875,0.116,0.7996000000000001,1
0.15533333333333335,0.7273333333333335,0.11733333333333333,-0.8381,1
0.0,0.0,0.0,0.0,1
0.391,0.5685,0.0405,-0.7505999999999999,1
0.2718,0.6216,0.1066,-0.78552,1
0.109,0.829,0.062,-0.60825,1
0.17099999999999999,0.7235,0.1055,-0.77825,1
0.16416666666666668,0.7218333333333332,0.11399999999999999,-0.6233166666666666,1
0.2525,0.672,0.07500000000000001,-0.9973,1
0.189,0.7675000000000001,0.0445,-0.96905,1
0.18100000000000002,0.7293333333333334,0.08959999999999999,-0.41751333333333335,1
0.197125,0.714625,0.08812500000000001,-0.6527375,1
0.21366666666666667,0.6783333333333333,0.10799999999999998,-0.5369333333333334,1
0.216,0.6806666666666666,0.103,-0.3793,1
0.0895,0.7889999999999999,0.1215,0.09264999999999995,1
0.0795,0.765,0.156,0.6061,1
0.154,0.7045,0.14200000000000002,-0.51635,1
0.1965,0.6285000000000001,0.1745,-0.38365000000000005,1
0.2338,0.6649999999999999,0.1012,-0.80146,1
0.125,0.6815,0.1935,-0.41695,1
0.0,0.0,0.0,0.0,1
0.2645,0.6715,0.064,-0.87685,1
0.10550000000000001,0.694,0.2005,0.9500500000000001,1
0.187,0.733,0.08,-0.9936,1
0.2275,0.661,0.1115,-0.94055,1
0.186,0.688,0.126,-0.9246,1
0.268,0.625,0.10699999999999998,-0.51604,1
0.214,0.708,0.078,-0.9984,1
0.0925,0.8195,0.088,0.0023499999999999632,1
0.241,0.6950000000000001,0.0645,-0.92065,1
0.125,0.7965,0.079,-0.88985,1
0.1406666666666667,0.6756666666666667,0.18433333333333332,-0.31216666666666665,1
0.218,0.686,0.096,-0.9971,1
0.198,0.677,0.125,-0.9876,1
0.18799999999999997,0.6336666666666666,0.17833333333333332,-0.5536666666666666,1
0.1535,0.753,0.093,-0.9628,1
0.24380000000000002,0.5924,0.1638,-0.5196799999999999,1
0.17,0.7246666666666667,0.10566666666666667,-0.8157333333333333,1
0.1495,0.705,0.1455,-0.32255,1
0.108,0.815,0.076,-0.9393,1
0.14250000000000002,0.7435,0.1135,0.0029000000000000137,1
0.1365,0.7569999999999999,0.106,-0.32575,1
0.186,0.601,0.213,0.19715,1
0.10166666666666667,0.7696666666666667,0.12866666666666668,0.09523333333333335,1
0.1343,0.7425999999999999,0.12309999999999999,-0.13994999999999996,1
0.4815,0.4665,0.052,-0.6911499999999999,1
0.16899999999999998,0.6952499999999999,0.1355,-0.07397500000000001,1
0.1938,0.7044,0.1016,-0.4478,1
0.0695,0.6539999999999999,0.276,0.7147,1
0.10566666666666667,0.7886666666666667,0.10566666666666664,0.08133333333333333,1
0.1436666666666667,0.7533333333333333,0.103,-0.8071,1
0.10412499999999998,0.7807499999999999,0.11549999999999999,0.1276,1
0.196,0.714,0.09,-0.9986,1
0.2495,0.715,0.0355,-0.9265,1
0.132,0.811,0.056,-0.9523,1
0.183,0.6984,0.1186,-0.72528,1
0.07766666666666666,0.8609999999999999,0.06133333333333333,-0.5139,1
0.15833333333333333,0.7400000000000001,0.10166666666666668,-0.3628,1
0.166,0.7555000000000001,0.079,-0.993,1
0.185,0.6699999999999999,0.14450000000000002,-0.9021,1
0.26899999999999996,0.6733333333333333,0.05766666666666667,-0.9900666666666665,1
0.1725,0.674,0.154,-0.868,1
0.2455,0.6234999999999999,0.131,-0.98795,1
0.16137500000000002,0.701625,0.13699999999999998,-0.07326250000000002,1
0.1905,0.7615000000000001,0.048,-0.9932,1
0.11916666666666668,0.7901666666666668,0.09066666666666667,0.06168333333333331,1
0.0705,0.622,0.3075,-0.33975,1
0.17533333333333334,0.699,0.12566666666666668,-0.3341,1
0.153,0.7255,0.1215,-0.30555,1
0.10033333333333333,0.7786666666666667,0.12133333333333335,0.5992666666666667,1
0.1383529411764706,0.7623529411764706,0.09905882352941177,-0.20275882352941174,1
0.13228571428571428,0.7521428571428571,0.11557142857142856,-0.3385714285714285,1
0.158,0.7905,0.051500000000000004,-0.73135,1
0.183,0.6845,0.1325,-0.3953,1
0.1517777777777778,0.7111111111111111,0.13688888888888892,-0.0977888888888889,1
0.19233333333333336,0.6923333333333334,0.11533333333333333,-0.9563,1
0.2425,0.652,0.10600000000000001,-0.9832000000000001,1
0.196,0.6555,0.14850000000000002,-0.88205,1
0.226,0.638,0.135,-0.9958,1
0.286,0.638,0.076,-0.994,1
0.2015,0.6915,0.10700000000000001,-0.8782000000000001,1
0.1485,0.7615000000000001,0.09,-0.9129,1
0.18000000000000002,0.668,0.152,-0.3367333333333334,1
0.13925,0.753,0.10774999999999998,-0.659125,1
0.13525,0.721,0.14400000000000002,0.171925,1
0.11750000000000001,0.8035,0.079,-0.4357,1
0.2283333333333333,0.6823333333333332,0.08933333333333333,-0.9937666666666667,1
0.23750000000000002,0.6491666666666666,0.11366666666666665,-0.7399833333333333,1
0.17049999999999998,0.6699999999999999,0.1595,-0.12090000000000001,1
0.15925,0.77125,0.069,-0.17149999999999999,1
0.09,0.8540000000000001,0.056,-0.69965,1
0.223625,0.6819999999999999,0.094375,-0.7067749999999999,1
0.204,0.6643333333333333,0.13133333333333333,-0.5321333333333333,1
0.121,0.681,0.198,0.9936,1
0.08199999999999999,0.8360000000000001,0.08199999999999999,-0.14615,1
0.186,0.785,0.0285,-0.91865,1
0.1805,0.6625000000000001,0.157,-0.9944999999999999,1
0.215,0.6699999999999999,0.11499999999999999,-0.7347333333333333,1
0.2253333333333333,0.672,0.10266666666666667,-0.5565166666666667,1
0.162,0.701,0.137,-0.8887,1
0.205,0.687,0.1085,-0.9935499999999999,1
0.212,0.7295,0.059,-0.9532499999999999,1
0.174,0.731,0.095,-0.9897,1
0.11099999999999999,0.5883333333333334,0.3,-0.4162333333333333,1
0.0,0.0,0.0,0.0,1
0.12,0.718,0.162,0.07685000000000003,1
0.14375000000000002,0.77625,0.08,-0.5707249999999999,1
0.1805,0.668,0.1525,-0.81205,1
0.1195,0.7090000000000001,0.17149999999999999,0.11159999999999998,1
0.17999999999999997,0.6859999999999999,0.13466666666666668,-0.9398666666666666,1
0.0,0.0,0.0,0.0,1
0.19725,0.67625,0.127,-0.819375,1
0.16,0.7456666666666667,0.09433333333333334,-0.9893000000000001,1
0.13249999999999998,0.7833333333333332,0.08416666666666667,-0.5072666666666666,1
0.22133333333333335,0.6403333333333333,0.13833333333333334,-0.3425,1
0.215,0.685,0.1,-0.988,1
0.2110909090909091,0.6951818181818182,0.09363636363636366,-0.5144454545454547,1
0.17049999999999998,0.688,0.14150000000000001,-0.3057,1
0.15066666666666664,0.7756666666666666,0.07366666666666667,-0.38670000000000004,1
0.09088235294117647,0.7454117647058824,0.16364705882352942,0.19363529411764702,1
0.126,0.7635000000000001,0.11100000000000002,0.025349999999999984,1
0.206,0.6713333333333334,0.123,-0.33116666666666666,1
0.177,0.7064999999999999,0.1165,-0.8944,1
0.22,0.6806666666666666,0.09900000000000002,-0.9184666666666667,1
0.088,0.7955,0.11649999999999999,0.61785,1
0.15516666666666667,0.7438333333333333,0.10083333333333333,-0.24701666666666658,1
0.224,0.6479999999999999,0.128,-0.26780000000000004,1
0.2435,0.643,0.11399999999999999,-0.9780500000000001,1
0.1745,0.8035,0.022,-0.6709499999999999,1
0.114,0.663,0.223,0.9987,1
0.1235,0.796,0.0805,-0.34325,1
0.221,0.6865,0.093,-0.8467,1
0.108,0.772,0.12,0.598,1
0.1935,0.6153333333333332,0.19133333333333333,-0.5732499999999999,1
0.28900000000000003,0.6325000000000001,0.079,-0.710275,1
0.15539999999999998,0.7074,0.1372,-0.39754,1
0.256,0.6160000000000001,0.1275,-0.9520500000000001,1
0.16599999999999998,0.7155,0.1185,-0.8271999999999999,1
0.1465,0.7755000000000001,0.078,-0.806,1
0.2625,0.6145,0.123,-0.7362500000000001,1
0.217,0.625,0.158,-0.9612,1
0.089,0.8265,0.08449999999999999,-0.024849999999999997,1
0.11199999999999999,0.828,0.06,-0.4087,1
0.20825,0.6655,0.1265,-0.542825,1
0.17971428571428572,0.7242857142857143,0.09585714285714286,-0.6446,1
0.144,0.702,0.154,-0.04580000000000001,1
0.11783333333333333,0.7758333333333334,0.10616666666666669,-0.45461666666666667,1
0.1335,0.648,0.2185,0.8906,1
0.1395,0.7525,0.108,-0.1637,1
0.221,0.6515,0.127,-0.9823500000000001,1
0.14550000000000002,0.702,0.1525,-0.025450000000000028,1
0.11399999999999999,0.7726666666666667,0.11333333333333333,0.4372666666666667,1
0.103,0.7565,0.14,0.2897,1
0.12433333333333334,0.6993333333333333,0.17666666666666667,0.5391,1
0.25,0.6426666666666666,0.107,-0.9756999999999999,1
0.12842857142857142,0.756142857142857,0.11542857142857144,-0.27564285714285713,1
0.18200000000000002,0.7436666666666666,0.07466666666666667,-0.8962333333333333,1
0.188,0.715,0.098,-0.9672,1
0.093,0.755,0.151,0.9985,1
0.181,0.7915000000000001,0.027500000000000004,-0.92845,1
0.24820000000000003,0.6808,0.0708,-0.9586600000000001,1
0.147,0.698,0.155,0.1335,1
0.12166666666666666,0.7793333333333333,0.09899999999999999,-0.044833333333333315,1
0.26,0.573,0.16749999999999998,-0.96875,1
0.1695,0.748,0.0825,-0.9338,1
0.1135,0.746,0.14049999999999999,0.1305,1
0.21866666666666668,0.71,0.07166666666666667,-0.8621666666666666,1
0.13699999999999998,0.7578333333333332,0.10516666666666667,-0.6497666666666667,1
0.3093333333333333,0.602,0.08900000000000001,-0.9519666666666667,1
0.182,0.778,0.04,-0.8151,1
0.0995,0.8049999999999999,0.0955,-0.28845,1
0.0,0.0,0.0,0.0,1
0.2265,0.6925,0.08049999999999999,-0.9675,1
0.066,0.8006666666666667,0.133,0.7312333333333334,1
0.177,0.716,0.108,-0.9993,1
0.1205,0.788,0.0915,-0.089125,1
0.064,0.824,0.112,0.5478,1
0.07300000000000001,0.7044999999999999,0.2225,0.99945,1
0.139,0.6819999999999999,0.1785,0.82785,1
0.197,0.678,0.125,-0.9437,1
0.157,0.7519999999999999,0.09133333333333334,-0.43583333333333335,1
0.1035,0.7092499999999999,0.18724999999999997,0.952375,1
0.194,0.678,0.1275,-0.03939999999999999,1
0.19,0.71,0.1,-0.9273,1
0.172,0.699,0.129,-0.6486,1
0.1925,0.645,0.1625,-0.98535,1
0.184,0.715,0.102,-0.9937,1
0.08499999999999999,0.7135,0.20149999999999998,0.15410000000000001,1
0.17600000000000002,0.6818333333333332,0.14216666666666666,-0.09754999999999993,1
0.066,0.8194999999999999,0.11399999999999999,0.91645,1
0.23049999999999998,0.6525000000000001,0.11699999999999999,-0.99245,1
0.1315,0.8115,0.056999999999999995,-0.72835,1
0.17800000000000002,0.7493333333333333,0.073,-0.8184999999999999,1
0.1901818181818182,0.7472727272727273,0.06245454545454546,-0.996390909090909,1
0.0,0.0,0.0,0.0,1
0.157,0.7558333333333334,0.08733333333333333,-0.90585,1
0.17625,0.7192500000000001,0.10425000000000001,-0.6944750000000001,1
0.251,0.5786666666666666,0.1703333333333333,-0.9625666666666667,1
0.21,0.587,0.203,-0.2032,1
0.11299999999999999,0.7035,0.1835,0.09615000000000001,1
0.11383333333333333,0.6466666666666666,0.23966666666666667,0.9997666666666666,1
0.168,0.7190000000000001,0.11349999999999999,-0.78955,1
0.105,0.838,0.058,-0.9674,1
0.24452941176470594,0.6275882352941176,0.1278823529411765,-0.44924117647058825,1
0.08666666666666667,0.7836666666666666,0.13,0.27320000000000005,1
0.0,0.0,0.0,0.0,1
0.19466666666666668,0.6763333333333333,0.12933333333333333,-0.5845,1
0.2215,0.669,0.10949999999999999,-0.97045,1
0.1745,0.7295,0.0955,-0.97015,1
0.171,0.7355,0.094,-0.807,1
0.16549999999999998,0.7235,0.11049999999999999,-0.1987,1
0.219,0.701,0.08,-0.6756000000000001,1
0.0,0.0,0.0,0.0,1
0.159,0.6646666666666667,0.17633333333333334,0.3419999999999999,1
0.14,0.626,0.23399999999999999,0.8962,1
0.0,0.0,0.0,0.0,1
0.15325,0.73,0.11725000000000002,-0.03275,1
0.21350000000000002,0.7155,0.071,-0.62275,1
0.1742,0.69,0.13599999999999998,-0.70832,1
0.18854545454545454,0.7238181818181819,0.08772727272727271,-0.9312272727272728,1
0.051,0.867,0.082,-0.20379999999999998,1
0.068,0.9085,0.0235,-0.47425,1
0.1255,0.7665,0.10799999999999998,0.0806,1
0.07466666666666666,0.7846666666666667,0.14066666666666666,-0.0509,1
0.06233333333333333,0.8893333333333334,0.047999999999999994,0.07746666666666664,1
0.119,0.80175,0.07925,-0.812925,1
0.24042857142857144,0.6878571428571428,0.07171428571428572,-0.8037714285714286,1
0.2375,0.647,0.11549999999999999,-0.97445,1
0.15222222222222223,0.6973333333333334,0.15044444444444446,-0.35019999999999996,1
0.147,0.722,0.131,0.0029,1
0.26349999999999996,0.5645,0.172,-0.6568499999999999,1
0.1635,0.7044999999999999,0.1315,-0.98075,1
0.259,0.6133333333333334,0.12766666666666668,-0.9807,1
0.119,0.803,0.078,-0.7935,1
0.16899999999999998,0.7145,0.116,-0.667,1
0.11649999999999999,0.7915,0.092,-0.25875,1
0.094,0.723,0.182,0.9943,1
0.19166666666666665,0.6786666666666666,0.12966666666666668,-0.9367,1
0.15849999999999997,0.7515000000000001,0.09,-0.9158,1
0.1385,0.7785,0.083,-0.06005000000000005,1
0.11049999999999999,0.7605,0.129,0.05149999999999999,1
0.138,0.7320000000000001,0.13,-0.3237333333333333,1
0.178,0.72475,0.09725,-0.34440000000000004,1
0.114,0.7725,0.11349999999999999,0.09144999999999999,1
0.1366666666666667,0.711,0.15200000000000002,0.11733333333333336,1
0.17733333333333334,0.6926666666666668,0.13,-0.1849333333333333,1
0.17175,0.7162499999999999,0.11199999999999999,-0.3892,1
0.11299999999999999,0.743,0.14350000000000002,-0.03360000000000002,1
0.0915,0.745,0.16399999999999998,0.08310000000000001,1
0.1715,0.7095,0.1185,-0.36565,1
0.1845,0.721,0.0945,-0.95075,1
0.19749999999999998,0.6120000000000001,0.1905,0.006699999999999984,1
0.16749999999999998,0.5955,0.237,0.22195,1
0.128,0.6486666666666667,0.22366666666666668,0.9762666666666666,1
0.11250000000000002,0.694,0.1935,0.5671,1
0.21266666666666667,0.6743333333333333,0.11299999999999999,-0.9871333333333334,1
0.122,0.728,0.15,0.9076,1
0.20350000000000001,0.6295,0.167,-0.9286,1
0.236,0.555,0.209,-0.4427,1
0.085,0.708,0.207,0.9942,1
0.251,0.621,0.127,-0.9542,1
0.1185,0.7565,0.1255,0.05830000000000002,1
0.15799999999999997,0.746,0.0965,-0.6668499999999999,1
0.108,0.681,0.21000000000000002,0.9927,1
0.126,0.81,0.064,-0.8691333333333334,1
0.1735,0.6950000000000001,0.1315,-0.94365,1
0.1965,0.7065,0.0975,-0.98825,1
0.2036,0.6984,0.0982,-0.59758,1
0.179,0.6799999999999999,0.14100000000000001,-0.10585,1
0.20900000000000002,0.698,0.093,-0.9747,1
0.097,0.7017499999999999,0.20124999999999998,0.6241,1
0.22949999999999998,0.7155,0.05499999999999999,-0.84275,1
0.171,0.769,0.06,-0.9562,1
0.113,0.704,0.182,0.9961,1
0.119,0.7626666666666666,0.11866666666666666,0.017633333333333317,1
0.13,0.736,0.133,0.7795,1
0.18200000000000002,0.5950000000000001,0.22266666666666668,-0.07519999999999998,1
0.17900000000000002,0.6556666666666667,0.16533333333333333,0.2408,1
0.246,0.69,0.063,-0.9977,1
0.1415,0.721,0.1375,-0.15299999999999997,1
0.16999999999999998,0.7255,0.104,-0.9943,1
0.172,0.722,0.106,-0.9923,1
0.2793333333333333,0.634,0.08666666666666667,-0.9549333333333333,1
0.1778,0.7064,0.11520000000000001,-0.37724,1
0.1515,0.7275,0.121,-0.8533999999999999,1
0.132,0.719,0.149,0.02855000000000002,1
0.187,0.697,0.116,-0.9971,1
0.11966666666666666,0.7156666666666668,0.16433333333333333,-0.3893,1
0.16,0.729,0.11125,-0.1987,1
0.0,0.0,0.0,0.0,1
0.050666666666666665,0.8276666666666667,0.122,0.15113333333333331,1
0.11699999999999999,0.8525,0.0305,-0.9328000000000001,1
0.237,0.642,0.1215,-0.99915,1
0.1575,0.687,0.156,0.0030999999999999917,1
0.086,0.776,0.1375,0.73205,1
0.1605,0.7022499999999999,0.13725,-0.11757499999999999,1
0.158,0.6890000000000001,0.1535,0.0010999999999999899,1
0.219,0.6516666666666667,0.12933333333333333,-0.6409,1
0.19033333333333335,0.7380000000000001,0.07166666666666667,-0.8946000000000001,1
0.266,0.581,0.1535,-0.576,1
0.214,0.6930000000000001,0.094,-0.9674499999999999,1
0.178,0.6970000000000001,0.1255,-0.7903,1
0.095,0.80375,0.10099999999999999,-0.007849999999999996,1
0.10366666666666667,0.7216666666666667,0.17466666666666666,0.49079999999999996,1
0.22666666666666666,0.703,0.07033333333333333,-0.9316999999999999,1
0.205,0.7363333333333334,0.05833333333333333,-0.6488333333333334,1
0.0,0.0,0.0,0.0,1
0.14350000000000002,0.6795,0.177,-0.06104999999999999,1
0.17185714285714287,0.6447142857142857,0.18342857142857144,-0.12168571428571426,1
0.11399999999999999,0.7946666666666666,0.09133333333333332,0.17136666666666664,1
0.25880000000000003,0.5562,0.185,-0.43357999999999997,1
0.254,0.4776666666666667,0.26833333333333337,-0.18203333333333335,1
0.2605,0.675,0.0645,-0.65115,1
0.11266666666666668,0.7466666666666667,0.1406666666666667,0.16023333333333334,1
0.1725,0.704,0.1235,-0.4708,1
0.1915,0.7095,0.099,-0.90135,1
0.039,0.902,0.059,0.1935,1
0.158,0.688,0.155,0.7732,1
0.16949999999999998,0.7565,0.07400000000000001,-0.97475,1
0.16599999999999998,0.6855,0.1485,-0.040449999999999986,1
0.135,0.747,0.11750000000000001,-0.47265,1
0.149,0.7215,0.1295,-0.03165000000000001,1
0.1218,0.7498,0.12866666666666668,0.11234666666666664,1
0.156,0.7170000000000001,0.127,-0.38009999999999994,1
0.069,0.813,0.1175,0.2803,1
0.1965,0.718,0.08549999999999999,-0.9635,1
0.129,0.648,0.223,0.9978,1
0.0,0.0,0.0,0.0,1
0.2205,0.653,0.1265,-0.9851,1
0.13733333333333334,0.7759999999999999,0.08666666666666667,-0.7260333333333334,1
0.156,0.681,0.163,-0.1346,1
0.16836363636363635,0.7031818181818181,0.12881818181818183,-0.17875454545454544,1
0.1355,0.7895,0.075,-0.83345,1
0.16822222222222222,0.7263333333333333,0.10544444444444445,-0.3430111111111112,1
0.169,0.696,0.135,-0.8623,1
0.11699999999999999,0.8276666666666667,0.05566666666666667,-0.20963333333333334,1
0.1065,0.7697499999999999,0.123,0.044700000000000004,1
0.20525000000000002,0.6152500000000001,0.17975,-0.16310000000000002,1
0.066,0.866,0.068,0.0656,1
0.205,0.582,0.21266666666666667,0.1451,1
0.162,0.7025,0.136,-0.3821,1
0.127,0.81,0.06233333333333333,-0.8999666666666667,1
0.18633333333333332,0.6830000000000002,0.13066666666666668,-0.8332666666666667,1
0.16649999999999998,0.6995,0.134,0.009050000000000002,1
0.19599999999999998,0.6596666666666667,0.14466666666666667,-0.9912666666666666,1
0.163,0.7520000000000001,0.08533333333333333,-0.9870333333333333,1
0.19533333333333333,0.685,0.12066666666666666,-0.38166666666666665,1
0.2502,0.626,0.1238,-0.63954,1
0.14500000000000002,0.744,0.1105,-0.5357999999999999,1
0.1202,0.7468,0.1332,0.019479999999999963,1
0.16233333333333333,0.6808888888888889,0.1567777777777778,0.07990000000000001,1
0.2015,0.7775000000000001,0.021,-0.7746,1
0.156,0.772,0.072,-0.9682,1
0.16591666666666668,0.6983333333333334,0.13591666666666666,-0.38234999999999997,1
0.08149999999999999,0.798,0.121,0.5918,1
0.13366666666666668,0.7165555555555554,0.14966666666666667,-0.13979999999999995,1
0.21650000000000003,0.6788333333333334,0.10466666666666667,-0.4865,1
0.084,0.815,0.101,0.3514,1
0.1688333333333333,0.7018333333333334,0.12916666666666665,0.23961666666666667,1
0.182,0.7424999999999999,0.075,0.04874999999999996,1
0.11199999999999999,0.7985,0.09,0.00714999999999999,1
0.043000000000000003,0.957,0.0,-0.1435,1
0.08549999999999999,0.80925,0.105,0.07069999999999999,1
0.18333333333333335,0.7035,0.1135,-0.43706666666666666,1
0.12733333333333333,0.7783333333333333,0.09466666666666668,-0.39430000000000004,1
0.213,0.683,0.104,-0.9201,1
0.0,0.0,0.0,0.0,1
0.2525,0.632,0.11549999999999999,-0.98355,1
0.145,0.6535,0.201,0.0047499999999999765,1
0.144125,0.6467499999999999,0.20937500000000003,0.11846250000000001,1
0.11466666666666665,0.8043333333333335,0.08066666666666668,0.16506666666666667,1
0.1545,0.7315,0.1145,-0.48265,1
0.17766666666666667,0.6956666666666665,0.12633333333333333,-0.47823333333333334,1
0.1048,0.8001999999999999,0.09480000000000001,-0.19851999999999997,1
0.15504761904761907,0.7558571428571428,0.08904761904761904,-0.3856,1
0.123,0.755,0.1215,0.15664999999999998,1
0.0995,0.8140000000000001,0.0865,-0.12455,1
0.1495,0.7745,0.0755,-0.94135,1
0.1901666666666667,0.7084444444444444,0.10133333333333333,-0.4657000000000001,1
0.189,0.685,0.126,-0.9749,1
0.16949999999999998,0.7144999999999999,0.11599999999999999,-0.009000000000000008,1
0.18177777777777773,0.7281851851851852,0.0901111111111111,-0.5611148148148148,1
0.17319999999999997,0.7001999999999999,0.1266,-0.56928,1
0.2323333333333333,0.5803333333333334,0.18733333333333335,-0.36779999999999996,1
0.14700000000000002,0.754,0.09899999999999999,-0.9123,1
0.23299999999999998,0.6545,0.11250000000000002,-0.2695,1
0.133,0.7985,0.0685,-0.9597,1
0.067,0.7595000000000001,0.1735,0.4904,1
0.185,0.6795,0.1355,-0.8736999999999999,1
0.06766666666666667,0.7303333333333333,0.20199999999999999,0.7339333333333334,1
0.299,0.657,0.044,-0.9001,1
0.1275,0.7435,0.129,-0.05365000000000003,1
0.217,0.7024999999999999,0.0805,-0.9895499999999999,1
0.12733333333333333,0.765,0.10766666666666665,-0.7513333333333333,1
0.0,0.0,0.0,0.0,1
0.1175,0.7815,0.1015,-0.18889999999999996,1
0.126,0.76475,0.10949999999999999,-0.257225,1
0.14075000000000001,0.7665,0.093,-0.14420000000000002,1
0.17612500000000003,0.674625,0.1491875,-0.41033749999999997,1
0.19433333333333333,0.6846666666666666,0.121,-0.15913333333333332,1
0.2125,0.652,0.1355,-0.97785,1
0.266,0.6325000000000001,0.101,-0.6532,1
0.136,0.823,0.042,-0.952,1
0.125,0.7736666666666667,0.10233333333333335,-0.36256666666666665,1
0.135,0.775,0.09,-0.8957,1
0.21066666666666667,0.7096666666666667,0.07966666666666666,-0.9947,1
0.21799999999999997,0.6616666666666666,0.12066666666666669,-0.3321,1
0.403,0.45100000000000007,0.14633333333333334,-0.8374333333333334,1
0.0,0.0,0.0,0.0,1
0.1345,0.6739999999999999,0.1915,0.23815,1
0.19600000000000004,0.7246666666666667,0.079,-0.9166333333333334,1
0.1385,0.6455,0.2165,0.74715,1
0.13949999999999999,0.69,0.16999999999999998,0.08115,1
0.1426666666666667,0.7316666666666666,0.12533333333333335,-0.2504,1
0.14757142857142855,0.7927142857142858,0.05971428571428571,-0.7183142857142857,1
0.17500000000000002,0.7175,0.1085,-0.33514999999999995,1
0.20157142857142857,0.6811428571428572,0.11685714285714285,-0.421,1
0.1615,0.7030000000000001,0.136,0.18405000000000002,1
0.191,0.68825,0.12075,-0.591275,1
0.1515,0.7637499999999999,0.085,-0.34097500000000003,1
0.1245,0.7395,0.136,0.14875000000000002,1
0.218,0.636,0.146,-0.17072500000000004,1
0.22250000000000003,0.7065,0.071,-0.9832,1
0.23099999999999998,0.659,0.11049999999999999,-0.9754,1
0.168,0.761,0.071,-0.9929,1
0.1335,0.7090000000000001,0.1575,0.9622999999999999,1
0.0755,0.727,0.198,0.9832000000000001,1
0.222,0.7105,0.068,-0.3267,1
0.176,0.777,0.047,-0.9939,1
0.068,0.75,0.182,0.8593,1
0.1495,0.6945,0.156,0.03970000000000001,1
0.154,0.635,0.211,0.9795,0
0.19,0.704,0.106,-0.9785,0
0.103,0.756,0.14,0.8653,0
0.187,0.668,0.145,-0.9822,0
0.113,0.826,0.061,-0.8077,0
0.02,0.763,0.217,0.9501,0
0.221,0.536,0.243,0.5523,0
0.217,0.714,0.07,-0.9449,0
0.163,0.672,0.165,0.733,0
0.182,0.706,0.112,-0.8688,0
0.177,0.719,0.104,-0.9673,0
0.0,0.0,0.0,0.0,0
0.136,0.716,0.148,-0.5823,0
0.157,0.691,0.152,0.345,0
0.176,0.707,0.117,-0.9738,0
0.124,0.804,0.072,-0.9816,0
0.125,0.725,0.15,0.8181,0
0.092,0.829,0.08,-0.4186,0
0.298,0.675,0.027,-0.9844,0
0.175,0.755,0.07,-0.9878,0
0.104,0.756,0.14,0.7082,0
0.061,0.724,0.215,0.9785,0
0.161,0.745,0.094,-0.7686,0
0.1,0.783,0.116,0.5848,0
0.16,0.604,0.236,0.8658,0
0.13,0.783,0.086,-0.9964,0
0.047,0.836,0.117,0.7419,0
0.308,0.642,0.05,-0.9974,0
0.186,0.742,0.072,-0.9979,0
0.113,0.7435,0.14250000000000002,-0.06695000000000001,0
0.107,0.691,0.203,0.6586,0
0.129,0.789,0.082,-0.9898,0
0.211,0.73,0.06,-0.9862,0
0.17149999999999999,0.7605,0.0675,-0.18215000000000003,0
0.172,0.646,0.182,-0.0807,0
0.157,0.687,0.156,-0.8448,0
0.329,0.58,0.091,-0.9171,0
0.205,0.585,0.21,0.4002,0
0.169,0.68,0.151,-0.9352,0
0.199,0.771,0.03,-0.9894,0
0.108,0.747,0.145,0.9763,0
0.162,0.751,0.087,-0.9987,0
0.163,0.837,0.0,-0.723,0
0.183,0.656,0.161,-0.8392,0
0.16428571428571428,0.6872857142857143,0.14885714285714285,-0.15582857142857146,0
0.0,0.0,0.0,0.0,0
0.123,0.728,0.149,0.7003,0
0.096,0.904,0.0,-0.9084,0
0.193,0.782,0.026,-0.9959,0
0.0,0.0,0.0,0.0,0
0.051,0.852,0.097,0.8307,0
0.145,0.741,0.114,-0.8376,0
0.614,0.386,0.0,-0.2924,0
0.144,0.763,0.093,-0.992,0
0.111,0.778,0.111,0.2455,0
0.223,0.667,0.11,-0.9991,0
0.205,0.7200000000000001,0.07533333333333332,-0.9249,0
0.209,0.63,0.161,-0.9136,0
0.0,0.0,0.0,0.0,0
0.124,0.809,0.066,-0.9635,0
0.118,0.837,0.045,-0.9079,0
0.08,0.744,0.176,0.9984,0
0.268,0.667,0.065,-0.9992,0
0.1575,0.76,0.083,-0.1604,0
0.022,0.827,0.151,0.8689,0
0.231,0.643,0.126,-0.954,0
0.128,0.7545,0.117,0.009749999999999981,0
0.168,0.766,0.067,-0.9505,0
0.099,0.802,0.099,-0.2862,0
0.202,0.655,0.143,-0.9915,0
0.106,0.811,0.083,-0.7218,0
0.083,0.674,0.242,0.9454,0
0.0,0.0,0.0,0.0,0
0.0,1.0,0.0,0.0,0
0.092,0.78,0.128,0.7912,0
0.165,0.718,0.11766666666666666,-0.8583,0
0.1165,0.7705,0.113,0.24352500000000005,0
0.07,0.854,0.076,-0.543,0
0.111,0.7045,0.1845,0.04304999999999998,0
0.087,0.648,0.265,0.9854,0
0.132,0.774,0.093,-0.9773,0
0.145,0.685,0.17,0.9907,0
0.093,0.894,0.013,-0.9743,0
0.137,0.731,0.132,-0.4033,0
0.152,0.746,0.102,-0.7645,0
0.183,0.744,0.073,-0.949,0
0.209,0.684,0.106,-0.9973,0
0.101,0.716,0.183,0.5719,0
0.181,0.798,0.021,-0.9869,0
0.0,1.0,0.0,0.0,0
0.149,0.755,0.096,-0.4396,0
0.308,0.565,0.127,-0.9001,0
0.114,0.711,0.175,0.9361,0
0.261,0.621,0.118,-0.9945,0
0.0,0.0,0.0,0.0,0
0.199,0.759,0.042,-0.9711,0
0.242,0.628,0.131,-0.9546,0
0.272,0.695,0.033,-0.9442,0
0.0,0.0,0.0,0.0,0
0.0,0.0,0.0,0.0,0
0.145,0.716,0.139,-0.5504,0
0.287,0.613,0.1,-0.7717,0
0.063,0.618,0.319,0.9748,0
0.1265,0.712,0.16149999999999998,0.5495,0
0.11,0.733,0.158,0.9599,0
0.171,0.762,0.067,-0.9879,0
0.063,0.767,0.169,0.9538,0
0.169,0.738,0.092,-0.9807,0
0.127,0.727,0.146,-0.1184,0
0.191,0.731,0.078,-0.9955,0
0.0,0.0,0.0,0.0,0
0.188,0.693,0.12,-0.9755,0
0.17,0.761,0.069,-0.9985,0
0.186,0.719,0.095,-0.60212,0
0.225,0.713,0.062,-0.7964,0
0.187,0.738,0.075,-0.9366,0
0.081,0.815,0.105,0.6404,0
0.187,0.698,0.115,-0.9308,0
0.1205,0.7325,0.14700000000000002,0.01639999999999997,0
0.151,0.708,0.141,-0.8244,0
0.16899999999999998,0.7475,0.08349999999999999,-0.56415,0
0.067,0.794,0.139,0.9811,0
0.209,0.661,0.13,-0.9791,0
0.519,0.316,0.165,-0.6808,0
0.232,0.642,0.126,-0.9989,0
0.051,0.77,0.179,0.9818,0
0.116,0.749,0.135,0.9902,0
0.1024,0.724,0.1736,0.40020000000000006,0
0.1,0.737,0.163,0.8911,0
0.104,0.719,0.177,0.9883,0
0.102,0.713,0.185,0.9631,0
0.088,0.853,0.059,-0.5898,0
0.169,0.754,0.077,-0.99,0
0.158,0.805,0.037,-0.7597,0
0.08,0.847,0.073,-0.3803,0
0.0,0.694,0.306,0.9459,0
0.092,0.733,0.175,0.9952,0
0.199,0.696,0.104,-0.9758,0
0.096,0.668,0.235,0.9921,0
0.195,0.694,0.11,-0.9934,0
0.116,0.759,0.125,0.9309,0
0.0,0.0,0.0,0.0,0
0.217,0.62,0.163,-0.9723,0
0.153,0.757,0.09,-0.9967,0
0.179,0.7515000000000001,0.0695,-0.99605,0
0.072,0.72,0.208,0.9826,0
0.063,0.861,0.077,-0.2617,0
0.164,0.711,0.125,-0.8757,0
0.169,0.723,0.108,-0.9052,0
0.207,0.641,0.152,-0.9867,0
0.118,0.746,0.135,0.7902,0
0.107,0.81,0.082,-0.9299,0
0.092,0.739,0.169,0.9819,0
0.052,0.74,0.208,0.9366,0
0.0,0.0,0.0,0.0,0
0.319,0.518,0.162,-0.926,0
0.149,0.818,0.034,-0.9121,0
0.102,0.791,0.107,-0.1521,0
0.14750000000000002,0.7124999999999999,0.14,0.02174999999999999,0
0.161,0.703,0.136,-0.9929,0
0.13,0.736,0.135,-0.6515,0
0.144,0.856,0.0,-0.8718,0
0.0,0.0,0.0,0.0,0
0.193,0.646,0.162,-0.9387,0
0.152,0.75,0.098,-0.8185,0
0.115,0.793,0.092,-0.702,0
0.048,0.811,0.142,0.9802,0
0.0,0.0,0.0,0.0,0
0.0975,0.7024999999999999,0.1995,0.84615,0
0.087,0.684,0.229,0.8156,0
0.123,0.809,0.068,-0.9534,0
0.235,0.665,0.1,-0.7717,0
0.101,0.781,0.119,0.9901,0
0.132,0.791,0.077,-0.9509,0
0.167,0.833,0.0,-0.8126,0
0.12333333333333334,0.727,0.14933333333333335,0.18520000000000003,0
0.115,0.657,0.228,0.8815,0
0.271,0.729,0.0,-0.3818,0
0.208,0.71,0.082,-0.9638,0
0.092,0.78,0.128,0.6837,0
0.095,0.756,0.148,0.9792,0
0.082,0.798,0.12,0.4039,0
0.106,0.778,0.115,0.5844,0
0.0,0.0,0.0,0.0,0
0.092,0.665,0.244,0.9856,0
0.084,0.777,0.139,0.9965,0
0.14333333333333334,0.7895,0.067,-0.5607500000000001,0
0.214,0.675,0.11,-0.9988,0
0.1915,0.7095,0.099,-0.8771500000000001,0
0.115,0.764,0.121,-0.8348,0
0.113,0.628,0.259,0.9948,0
0.162,0.668,0.17,0.568,0
0.11475,0.7815,0.104,-0.043575,0
0.118,0.781,0.101,-0.748,0
0.0,0.0,0.0,0.0,0
0.039,0.775,0.186,0.9832,0
0.309,0.651,0.04,-0.981,0
0.148,0.716,0.136,-0.7321,0
0.095,0.826,0.08,-0.2423,0
0.065,0.885,0.05,-0.202,0
0.103,0.808,0.09,-0.9095,0
0.137,0.848,0.015,-0.9494,0
0.198,0.65,0.152,-0.9326,0
0.151,0.764,0.085,-0.9696,0
0.129,0.813,0.058,-0.8459,0
0.156,0.681,0.163,-0.005099999999999993,0
0.183,0.616,0.201,-0.6953,0
0.112,0.761,0.128,0.3106,0
0.092,0.789,0.119,0.9802,0
0.066,0.785,0.149,0.9741,0
0.098,0.624,0.278,0.6956,0
0.048,0.848,0.104,0.7184,0
0.185,0.598,0.217,0.9447,0
0.12,0.775,0.105,-0.1609,0
0.0,0.0,0.0,0.0,0
0.221,0.665,0.114,-0.9534,0
0.0885,0.7915,0.12025,0.03510000000000002,0
0.1245,0.6725000000000001,0.203,0.86175,0
0.143,0.741,0.116,-0.8597,0
0.222,0.636,0.141,-0.8732,0
0.091,0.843,0.066,-0.9558,0
0.092,0.818,0.09,-0.3399,0
0.165,0.493,0.342,0.9512,0
0.171,0.784,0.045,-0.9278,0
0.0,0.0,0.0,0.0,0
0.214,0.676,0.11,-0.9396,0
0.11175,0.7567499999999999,0.132,0.09179999999999999,0
0.224,0.662,0.11449999999999999,-0.7536,0
0.22449999999999998,0.6225,0.153,-0.9704,0
0.178,0.766,0.056,-0.9054,0
0.106,0.727,0.167,0.9938,0
0.1738,0.7334,0.0928,-0.35435,0
0.122,0.768,0.109,0.4815,0
0.044,0.806,0.15,0.9839,0
0.095,0.75,0.155,0.9577,0
0.217,0.643,0.14,-0.973,0
0.139,0.734,0.127,0.587,0
0.107,0.808,0.085,-0.5932,0
0.0,0.0,0.0,0.0,0
0.176,0.803,0.02,-0.7876,0
0.124,0.78,0.096,-0.3506,0
0.106,0.857,0.037,-0.5481,0
0.131,0.677,0.192,0.9982,0
0.175,0.694,0.132,-0.9179,0
0.11,0.744,0.147,0.9235,0
0.171,0.731,0.098,-0.9797,0
0.129,0.681,0.19,0.8844,0
0.062,0.7,0.238,0.9857,0
0.108,0.818,0.074,-0.7284,0
0.104,0.826,0.07,-0.8412,0
0.23,0.686,0.085,-0.9982,0
0.132,0.766,0.102,-0.4593,0
0.09475,0.753,0.15225,-0.05295,0
0.124,0.725,0.151,0.9956,0
0.203,0.755,0.042,-0.9569,0
0.187,0.674,0.14,-0.4215,0
0.09733333333333333,0.8476666666666667,0.055,-0.3229,0
0.14,0.803,0.057,-0.8735,0
0.1565,0.6865,0.157,-0.57555,0
0.112,0.815,0.073,-0.524,0
0.108,0.708,0.184,0.9774,0
0.103,0.866,0.032,-0.6066,0
0.158,0.664,0.178,0.5939,0
0.147,0.696,0.157,-0.0581,0
0.0,1.0,0.0,0.0,0
0.181,0.64,0.18,-0.5328,0
0.136,0.755,0.109,-0.7795,0
0.1,0.762,0.138,0.4033,0
0.181,0.666,0.154,-0.5929,0
0.195,0.654,0.151,-0.9736,0
0.175,0.728,0.097,-0.996,0
0.117,0.682,0.201,0.8726,0
0.096,0.739,0.165,0.9312,0
0.155,0.727,0.118,-0.9705,0
0.213,0.681,0.106,-0.9905,0
0.027,0.859,0.113,0.7342,0
0.205,0.687,0.108,-0.9975,0
0.113,0.834,0.053,-0.9497666666666666,0
0.196,0.587,0.217,0.2315,0
0.0,0.0,0.0,0.0,0
0.21,0.645,0.145,-0.99,0
0.122,0.737,0.141,0.6395,0
0.306,0.577,0.117,-0.849,0
0.141,0.71,0.149,0.3492,0
0.225,0.662,0.113,-0.997,0
0.158,0.676,0.165,-0.1467,0
0.0,0.286,0.714,0.3612,0
0.087,0.799,0.114,0.5023,0
0.0,0.652,0.348,0.7906,0
0.303,0.615,0.083,-0.9925,0
0.11,0.715,0.175,0.9985,0
0.17533333333333334,0.7400000000000001,0.08483333333333333,-0.7200500000000001,0
0.065,0.818,0.117,0.6124,0
0.052,0.7545,0.1935,0.9688,0
0.103,0.797,0.1,-0.2882,0
0.144,0.721,0.135,-0.9652,0
0.129,0.706,0.165,0.6639,0
0.26,0.497,0.244,-0.6904,0
0.162,0.693,0.145,-0.4479,0
0.122,0.805,0.073,-0.8319,0
0.21250000000000002,0.6025,0.1855,-0.7621,0
0.227,0.674,0.099,-0.9846,0
0.168,0.608,0.224,0.6208,0
0.103,0.8055,0.0915,-0.28755000000000003,0
0.066,0.735,0.199,0.903,0
0.205,0.633,0.163,-0.9435,0
0.027,0.876,0.097,0.9459,0
0.184,0.731,0.085,-0.9929,0
0.155,0.769,0.077,-0.9794,0
0.0,0.0,0.0,0.0,0
0.111,0.781,0.108,-0.376,0
0.157,0.701,0.142,-0.9735,0
0.138,0.69,0.172,0.6877,0
0.156,0.757,0.087,-0.9875499999999999,0
0.124,0.764,0.113,-0.8096,0
0.078,0.833,0.089,0.4176,0
0.0,0.0,0.0,0.0,0
0.178,0.733,0.089,-0.9926,0
0.084,0.82,0.096,0.7263,0
0.114,0.811,0.075,-0.6208,0
0.0,0.821,0.179,0.6124,0
0.267,0.576,0.157,-0.8092,0
0.13,0.769,0.101,-0.4148,0
0.0,0.0,0.0,0.0,0
0.138,0.763,0.099,-0.8652,0
0.0,0.0,0.0,0.0,0
0.157,0.689,0.154,-0.0667,0
0.103,0.664,0.234,0.9922,0
0.129,0.727,0.144,0.9235,0
0.184,0.708,0.108,-0.9906,0
0.102,0.743,0.156,0.9756,0
0.179,0.775,0.046,-0.8534,0
0.111,0.74,0.1485,0.9656,0
0.128,0.733,0.138,0.8043,0
0.218,0.706,0.076,-0.9976,0
0.044,0.803,0.154,0.8858,0
0.16866666666666666,0.7306666666666667,0.10066666666666667,-0.7507,0
0.221,0.644,0.134,-0.751,0
0.152,0.604,0.244,0.8359,0
0.12,0.765,0.115,0.5608,0
0.201,0.674,0.125,-0.9985,0
0.0,0.0,0.0,0.0,0
0.079,0.806,0.115,0.9432,0
0.212,0.652,0.137,-0.9968,0
0.128,0.716,0.156,0.8034,0
0.107,0.768,0.125,-0.4942,0
0.205,0.608,0.187,-0.4019,0
0.125,0.77,0.105,-0.2516,0
0.186,0.671,0.143,-0.877,0
0.068,0.842,0.09,0.6548,0
0.175,0.7,0.125,-0.9176,0
0.158,0.786,0.056,-0.6983,0
0.134,0.731,0.134,-0.2627,0
0.0,0.0,0.0,0.0,0
0.187,0.79,0.023,-0.9937,0
0.09,0.743,0.168,0.4767,0
0.288,0.566,0.147,-0.9941,0
0.175,0.742,0.083,-0.945,0
0.13142857142857142,0.7592857142857142,0.10942857142857143,-0.15342857142857141,0
0.124,0.741,0.135,0.645,0
0.0,0.923,0.077,0.3612,0
0.13266666666666665,0.7680000000000001,0.09899999999999999,-0.006299999999999993,0
0.228,0.678,0.094,-0.9919,0
0.0,0.0,0.0,0.0,0
0.108,0.723,0.169,0.9302,0
0.134,0.802,0.064,-0.9783,0
0.0,0.0,0.0,0.0,0
0.157,0.696,0.147,0.7444,0
0.085,0.821,0.094,0.9309,0
0.103,0.664,0.233,0.8316,0
0.08,0.819,0.101,-0.0945,0
0.081,0.755,0.164,0.9329,0
0.107,0.807,0.086,-0.9586,0
0.125,0.719,0.156,0.9917,0
0.0,0.0,0.0,0.0,0
0.092,0.735,0.173,0.6707,0
0.105,0.76,0.134,0.9661,0
0.0,1.0,0.0,0.0,0
0.171,0.635,0.194,0.6618,0
0.176,0.764,0.059,-0.9917,0
0.125,0.749,0.125,-0.25,0
0.111,0.7865,0.10250000000000001,-0.5113,0
0.284,0.701,0.015,-0.9709,0
0.0,0.0,0.0,0.0,0
0.174,0.723,0.103,-0.9402,0
0.2135,0.6662499999999999,0.12037500000000001,-0.6417750000000001,0
0.109,0.743,0.148,0.9538,0
0.0,0.0,0.0,0.0,0
0.041,0.798,0.161,0.9766,0
0.168,0.737,0.095,-0.9971,0
0.138,0.727,0.135,-0.7233,0
0.341,0.54,0.119,-0.9982,0
0.019,0.909,0.072,0.8755,0
0.123,0.823,0.053,-0.9423,0
0.225,0.646,0.129,-0.9966,0
0.163,0.719,0.118,-0.8513,0
0.106,0.759,0.135,0.0644,0
0.122,0.752,0.125,0.5589,0
0.114,0.836,0.05,-0.8909,0
0.246,0.539,0.214,-0.7487,0
0.182,0.625,0.193,0.2164,0
0.108,0.818,0.074,-0.8888,0
0.252,0.603,0.145,-0.6249,0
0.106,0.786,0.108,-0.214,0
0.171,0.806,0.023,-0.9493,0
0.17,0.711,0.12,-0.9062,0
0.07066666666666667,0.7816666666666667,0.14766666666666667,0.5020666666666666,0
0.114,0.785,0.101,0.0761,0
0.116,0.777,0.107,-0.7581,0
0.069,0.743,0.188,0.4939,0
0.083,0.804,0.113,0.7967,0
0.086,0.841,0.073,-0.6848,0
0.107,0.697,0.196,0.9901,0
0.146,0.66,0.194,0.7535,0
0.145,0.649,0.205,0.951,0
0.09,0.805,0.105,0.865,0
0.127,0.69,0.183,0.4861,0
0.211,0.729,0.06,-0.9962,0
0.0895,0.8320000000000001,0.0785,-0.1806,0
0.132,0.788,0.08,-0.9438,0
0.166,0.728,0.106,-0.9877,0
0.127,0.692,0.181,0.8151,0
0.344,0.656,0.0,-0.9287,0
0.227,0.654,0.119,-0.9864,0
0.0445,0.8055,0.14950000000000002,0.79525,0
0.199,0.711,0.09,-0.9146,0
0.139,0.755,0.107,-0.7521,0
0.39,0.545,0.065,-0.9766,0
0.151,0.849,0.0,-0.7925,0
0.15,0.691,0.16,0.2125,0
0.17,0.763,0.067,-0.9815,0
0.13,0.7595000000000001,0.1115,0.2125,0
0.137,0.802,0.061,-0.9045,0
0.131,0.76,0.11,-0.9103,0
0.194,0.685,0.122,-0.975,0
0.0,0.723,0.277,0.8979,0
0.25,0.642,0.108,-0.9863,0
0.107,0.705,0.189,0.9437,0
0.177,0.6385,0.185,0.12390000000000001,0
0.247,0.675,0.078,-0.8586,0
0.16499999999999998,0.724,0.111,0.0019499999999999518,0
0.105,0.839,0.0565,-0.4986,0
0.134,0.721,0.145,-0.198,0
0.19,0.716,0.094,-0.91735,0
0.124,0.765,0.111,-0.2665,0
0.307,0.693,0.0,-0.8519,0
0.119,0.816,0.065,-0.9985,0
0.125,0.802,0.072,-0.3472,0
0.0935,0.74,0.16649999999999998,0.5774,0
0.14,0.823,0.036,-0.9901,0
0.209,0.761,0.03,-0.9917,0
0.13999999999999999,0.76,0.10025,-0.20207500000000003,0
0.157,0.797,0.047,-0.9773,0
0.0,0.0,0.0,0.0,0
0.1,0.717,0.184,0.9832,0
0.144,0.692,0.164,0.8943,0
0.173,0.71,0.117,-0.9644,0
0.097,0.759,0.144,0.4261,0
0.167,0.694,0.139,-0.8487,0
0.16255555555555556,0.7295555555555555,0.108,-0.5703222222222222,0
0.17,0.695,0.135,-0.9609,0
0.104,0.828,0.068,-0.04735,0
0.0,1.0,0.0,0.0,0
0.077,0.832,0.091,0.2762,0
0.172,0.689,0.139,-0.9221,0
