fp_singular_fraction,fp_plural_fraction,sp_fraction,tp_fraction,is_mh_sw
0.10536620739666425,0.0025380710659898475,0.012218999274836839,0.014757070340826687,1
0.0,0.0,0.0,0.0,1
0.1249550773252232,0.0032531438153748054,0.0047717476609155235,0.02459663735748797,1
0.10261404952859306,0.002033898305084746,0.008647923615891001,0.024798617678134537,1
0.11554621848739496,0.0,0.014705882352941176,0.03571428571428571,1
0.0933771491126832,0.0005257623554153522,0.002103049421661409,0.024057846007648185,1
0.10119510299261562,0.0,0.018072289156626505,0.020219588029537505,1
0.10579386739681701,0.0030303030303030303,0.005649717514124294,0.02064343631729296,1
0.09014495368808098,0.005241524011828897,0.0009496676163342829,0.03448707420951542,1
0.11128445499661817,0.0036991368680641184,0.013866892307521021,0.03450579364438741,1
0.1649659863945578,0.0,0.0,0.027494331065759638,1
0.05456965394853594,0.003105590062111801,0.01020408163265306,0.05656610470275067,1
0.11520277967646388,0.012293992557150453,0.0,0.03203083466241361,1
0.11977715877437325,0.0,0.0,0.022284122562674095,1
0.12231209311501283,0.0008110300081103001,0.0024330900243309003,0.01824817518248175,1
0.10865883946714834,0.0,0.0024271844660194173,0.021816437118988487,1
0.09592123769338959,0.0,0.0,0.01558837318330989,1
0.11327883067013501,0.0055302654940336095,0.001254180602006689,0.06327934679383955,1
0.095234665099585,0.0,0.005791944276196245,0.015531734985984239,1
0.1424985115690583,0.0,0.0,0.02075784935413509,1
0.13245033112582782,0.0,0.0011037527593818985,0.017660044150110375,1
0.08001079403629495,0.0,0.013694933549214059,0.04314241381636646,1
0.15161527165932454,0.0,0.0,0.04726505139500734,1
0.10649071358748778,0.005454545454545455,0.0,0.03597262952101662,1
0.10678506375227687,0.0020491803278688526,0.004629629629629629,0.032369459623557986,1
0.13178014133082508,0.006535947712418301,0.0,0.05339700455828088,1
0.13197112524185914,0.0,0.0,0.0225703471994694,1
0.12273391361606684,0.0,0.0,0.015200526781488569,1
0.11360202788339671,0.004567807351077313,0.0,0.0367148288973384,1
0.12979673888764798,0.006323679050951779,0.004047849502394957,0.03211475938748666,1
0.07790811339198436,0.0,0.009644835451287064,0.032062561094819156,1
0.11363636363636363,0.0016233766233766235,0.003246753246753247,0.037337662337662336,1
0.09902094332806352,0.01035980498410773,0.0022172949002217295,0.050482402500339724,1
0.11977058029689609,0.0005482456140350877,0.0032051282051282055,0.029942645074224023,1
0.11249725455743466,0.0023885350318471337,0.0,0.02998023281352954,1
0.10642844301380887,0.001287001287001287,0.006306020940167282,0.028767189742799498,1
0.0,0.0,0.0,0.0,1
0.046610169491525424,0.0,0.0014124293785310734,0.011299435028248588,1
0.14114485928150525,0.0,0.0,0.03707972152071531,1
0.09761494037350933,0.0,0.002512562814070352,0.030000750018750466,1
0.10363854895104896,0.0033107517482517486,0.0033107517482517486,0.021984265734265734,1
0.12729907354316775,0.005796455511784609,0.0020609378091406712,0.0272004281986602,1
0.1475515028706518,0.003107058426207362,0.0,0.017055048969942588,1
0.13641975308641974,0.0,0.006172839506172839,0.006790123456790123,1
0.05563165142545978,0.0010970913105068617,0.009600586414521738,0.05765136465094522,1
0.09434150742605908,0.0,0.0014204545454545455,0.033678421216899276,1
0.17099153719843374,0.0,0.0,0.010191570881226054,1
0.13689178998037835,0.0,0.0,0.034195807507036186,1
0.10472582972582972,0.003246753246753247,0.0,0.027344877344877346,1
0.12192780337941628,0.0,0.0,0.021889400921658985,1
0.12990461371938844,0.0,0.0012853470437017994,0.04030239480449195,1
0.09164242263951336,0.0,0.0037688442211055275,0.051441417614387724,1
0.1343975875073436,0.0,0.0,0.0221929662478443,1
0.12202380952380952,0.0,0.0,0.005952380952380952,1
0.0,0.0,0.0,0.0,1
0.18007202881152462,0.0,0.0,0.02490996398559424,1
0.12052631578947368,0.0,0.0029239766081871343,0.03590643274853801,1
0.10991957104557641,0.002680965147453083,0.0,0.029490616621983913,1
0.11844733371019409,0.005247785943094027,0.0011494252873563218,0.053325796118334275,1
0.1099476439790576,0.005235602094240838,0.005235602094240838,0.031413612565445025,1
0.0797296425635901,0.0,0.007692307692307693,0.022942252417036842,1
0.12134502923976608,0.0014619883040935672,0.0029239766081871343,0.017543859649122806,1
0.12212976616810617,0.0,0.010638297872340425,0.04107857594270065,1
0.11845522898154476,0.0,0.0,0.029767600820232398,1
0.0856748949579832,0.0,0.0,0.04584646358543418,1
0.12550233152251897,0.0011695906432748538,0.008849045691150954,0.024615058897683267,1
0.12606837606837606,0.004273504273504274,0.0,0.017094017094017096,1
0.1388888888888889,0.0,0.0,0.016666666666666666,1
0.16555443208628243,0.0,0.0,0.0081512802443035,1
0.09390598344600998,0.0,0.0032486678882079146,0.022740675217455403,1
0.14323002754820935,0.007356683720320084,0.0,0.03796954939000394,1
0.13141244720192088,0.0,0.0,0.01680775364985891,1
0.07987711213517665,0.0,0.0,0.023809523809523808,1
0.13924050632911392,0.0,0.0,0.027124773960216998,1
0.0831505046072839,0.0,0.0,0.0191238847447711,1
0.11066207707893075,0.009852726520119388,0.0012690355329949238,0.04303283152872486,1
0.11782661782661782,0.0,0.0,0.019230769230769232,1
0.13198240818615084,0.0,0.008130081300813009,0.042612839921502665,1
0.10214418982444481,0.0,0.02149813518171269,0.028252544609472897,1
0.038461538461538464,0.0,0.0,0.038461538461538464,1
0.09679131969295984,0.001644736842105263,0.0,0.03394662890978195,1
0.10087407582633454,0.0,0.0008064516129032258,0.018642062204588684,1
0.12687500000000002,0.0,0.0,0.015625,1
0.1184053182934406,0.0,0.00321378356060437,0.03991251846929639,1
0.10585555959630348,0.0008795074758135443,0.011164274322169059,0.041266126962110045,1
0.08128181846857278,0.006361246529940053,0.01012417762274354,0.0299019179778459,1
0.09933774834437085,0.003973509933774834,0.0013245033112582781,0.026490066225165563,1
0.1597222222222222,0.0,0.0,0.008333333333333333,1
0.041811846689895474,0.010452961672473868,0.0,0.07665505226480836,1
0.12267646588177021,0.0,0.0,0.030311267831367894,1
0.10060963618485742,0.0,0.0,0.023677482792527044,1
0.08451531755698842,0.0012345679012345679,0.0,0.0676054746623656,1
0.08263792385883481,0.01126880779893202,0.0037562692663106736,0.03944082729626207,1
0.12428679727087738,0.0,0.0,0.02189482504089694,1
0.11276142214378515,0.00493552436380235,0.0,0.029026698912112858,1
0.1194170403587444,0.0,0.0,0.04017937219730942,1
0.14163560111835974,0.0,0.0,0.03754659832246039,1
0.09395400793732486,0.00803107513988809,0.010459819854772132,0.03768677605855692,1
0.06537568594343604,0.009685286806434969,0.0,0.10653815487078466,1
0.08962489470496382,0.0,0.03379051965013439,0.021617173867102952,1
0.05243790248390064,0.0009199632014719411,0.0022999080036798527,0.012419503219871205,1
0.13613222887224832,0.0023101724494927088,0.004076956901789529,0.04049655804446379,1
0.06813015061096903,0.0024154589371980675,0.0064649048025007105,0.03324808184143223,1
0.10986929820240361,0.0018382352941176473,0.004487397820163487,0.022222763945263832,1
0.08140916071450051,0.0007169151185378366,0.015290745968333457,0.03622229368782947,1
0.09564735383764847,0.010553628566050926,0.011790486945766449,0.02307074160058483,1
0.14090909090909093,0.0,0.005050505050505051,0.04025252525252525,1
0.11830357142857142,0.0,0.015625,0.012987012987012988,1
0.11125840037225632,0.0019432667070462346,0.0005832604257801108,0.019306090103597788,1
0.13042396608830173,0.005352223534041716,0.0013149243918474688,0.04592004731864872,1
0.15484628536615724,0.0008532423208191126,0.0,0.03785873844601809,1
0.13566176470588234,0.004963235294117647,0.0,0.02591911764705882,1
0.13780918727915195,0.0,0.0035335689045936395,0.022968197879858657,1
0.11940298507462686,0.0,0.004975124378109453,0.03980099502487562,1
0.134379239572825,0.0,0.0023219814241486067,0.023619855984972345,1
0.08494623655913978,0.00101010101010101,0.004235907461713913,0.030074942978168782,1
0.12476264961827166,0.0,0.0018726591760299626,0.02620561482864912,1
0.10474518451923806,0.008667227047725786,0.0029444911428660376,0.03867671455438619,1
0.11269944797338173,0.0,0.00390625,0.020398990471869327,1
0.05779719899498062,0.005983757147027009,0.01077419687161965,0.031924818140714156,1
0.13056331013117214,0.0,0.00076103500761035,0.02263569575259217,1
0.12568614577269463,0.0,0.005727487642381259,0.02158171145278971,1
0.20437037037037037,0.0,0.0,0.027259259259259257,1
0.10818060980161873,0.0010638297872340426,0.0,0.018740269849507007,1
0.10947937945122288,0.0,0.003257328990228013,0.024429967426710098,1
0.12388547822782756,0.0,0.0029590457557216155,0.01640789976657577,1
0.14680633177544639,0.0,0.002026342451874367,0.0182370820668693,1
0.13846153846153847,0.0038461538461538464,0.0057692307692307696,0.038461538461538464,1
0.11926829268292682,0.0,0.006097560975609756,0.016097560975609757,1
0.1329316878826159,0.00199203187250996,0.0,0.06471674278495773,1
0.12421329519531416,0.002358492023711003,0.0015723280158073355,0.03694970837147238,1
0.149785587469778,0.0,0.0,0.029787368888043855,1
0.08274002879512625,0.0,0.010571901951212296,0.034731178490548804,1
0.11825192802056556,0.0,0.0,0.017994858611825194,1
0.1165545537563184,0.0,0.0,0.02440117129052035,1
0.10555555555555556,0.0,0.0,0.029487179487179487,1
0.11778290993071594,0.009237875288683603,0.0,0.023094688221709007,1
0.06406016221749744,0.0,0.0,0.0,1
0.0,0.0,0.0,0.0,1
0.13608695652173913,0.0,0.0,0.03245652173913044,1
0.132824561634414,0.0,0.0,0.020574201715327457,1
0.15197661649764227,0.0022123893805309734,0.009117166665128684,0.023842590456504286,1
0.08592989289191821,0.0,0.0,0.03180785459266472,1
0.13287733944003569,0.0011862396204033213,0.0023724792408066427,0.02969616618350133,1
0.0,0.0,0.0,0.0,1
0.10157873164915418,0.002288732394366197,0.0026734480959833074,0.019689246590655043,1
0.12805669904685216,0.00744631154770595,0.006915456291885956,0.07119079783889866,1
0.09699628691154016,0.0007309941520467836,0.017034600415632862,0.036991167391644465,1
0.12679425837320574,0.0,0.0,0.0773170299486089,1
0.07511737089201878,0.0,0.028169014084507043,0.03286384976525822,1
0.12180016140301575,0.003926261907439773,0.008247699769976998,0.045997204792789265,1
0.09774684843990644,0.002127659574468085,0.002127659574468085,0.037915692202384346,1
0.1421689266354614,0.0,0.0,0.034564386323301534,1
0.15185243997494255,0.0013635535515019014,0.00344693432928727,0.02310548933041447,1
0.11447828771352131,0.0015802781289506952,0.0015802781289506952,0.0224472995619322,1
0.1426185582501918,0.0007137758743754461,0.0,0.014669488463205297,1
0.10484393655125362,0.0028142589118198874,0.006998692364546023,0.04278810620274035,1
0.10827730464664576,0.0,0.0,0.035375267692614176,1
0.09941520467836257,0.005847953216374269,0.014619883040935672,0.02631578947368421,1
0.11267736687504609,0.0,0.010932080116370146,0.031102271302352668,1
0.12009419152276295,0.0,0.019230769230769232,0.038461538461538464,1
0.10917074974577054,0.0,0.033715447906073774,0.03332717019506333,1
0.1054945054945055,0.0,0.014285714285714285,0.0,1
0.07544757033248081,0.005115089514066497,0.015345268542199489,0.09335038363171355,1
0.06641651031894935,0.0038461538461538464,0.0038461538461538464,0.08977485928705442,1
0.08910614525139665,0.008379888268156424,0.008379888268156424,0.008379888268156424,1
0.14537444933920704,0.0,0.004405286343612335,0.02643171806167401,1
0.11263539737828403,0.002644341318616999,0.03503071214203703,0.025549991959491525,1
0.16365111441927765,0.0,0.0016556291390728477,0.02059797428905337,1
0.12164503898825219,0.0,0.002362204724409449,0.026645291309560004,1
0.147157666894509,0.0037593984962406013,0.0,0.05656185919343814,1
0.12540584415584416,0.003787878787878788,0.005681818181818182,0.047213203463203464,1
0.12141211906449327,0.0,0.0,0.0377834868887314,1
0.14393338620142743,0.0,0.0,0.005154639175257732,1
0.10646387832699619,0.0,0.0076045627376425855,0.030418250950570342,1
0.1208592132505176,0.0,0.0,0.0192287784679089,1
0.05521472392638037,0.0,0.0,0.05465699944227552,1
0.11337956149066511,0.0,0.0,0.033555601468750584,1
0.11917324827498176,0.0011117287381878821,0.005904640900273394,0.0424420568163118,1
0.14611639492753623,0.0,0.0,0.030117753623188408,1
0.09814875831131943,0.005097324069842983,0.004533519100493798,0.057375025388329344,1
0.10813224396731902,0.0,0.0,0.03940718221546646,1
0.11127301752301752,0.0,0.009142040392040392,0.03085090585090585,1
0.11776567856422665,0.0015479876160990713,0.0,0.010835913312693499,1
0.09386175418784115,0.0,0.010822510822510822,0.0183982683982684,1
0.08917664174234889,0.032679738562091505,0.0,0.051522736754276176,1
0.09554756637168141,0.0,0.0078125,0.022123893805309734,1
0.12089707677942972,0.007541478129713424,0.012654420742656039,0.038928391869568334,1
0.14094659222471084,0.0027266530334014998,0.0,0.02937048939093929,1
0.12536932155843283,0.004350382128159906,0.002599961911386012,0.026453617853573065,1
0.12694019659963932,0.0,0.001594896331738437,0.016680739281358475,1
0.12315270935960591,0.0,0.0,0.0049261083743842365,1
0.09071729957805907,0.0035161744022503515,0.004219409282700422,0.03867791842475387,1
0.14241228070175438,0.0,0.006666666666666667,0.019912280701754388,1
0.1344735030020481,0.0012422360248447203,0.0049234964399333435,0.03840322733782742,1
0.16666666666666666,0.0,0.0,0.1,1
0.08167767398271936,0.007856968758512911,0.006896353965045091,0.04702385374672355,1
0.178125,0.0,0.0,0.04399801587301587,1
0.08474264705882353,0.0015625,0.003125,0.046599264705882354,1
0.11055125830700513,0.0,0.0,0.033500381305153065,1
0.1277459711620017,0.0,0.0,0.014578032230703987,1
0.08145019525030948,0.008716684994740749,0.009686125213529921,0.03659826056863381,1
0.06453843785178118,0.0,0.02356902356902357,0.019227759857445015,1
0.09859154929577464,0.0,0.0,0.0,1
0.07560829974623078,0.0073145245559038665,0.05090311986863711,0.02045081355426183,1
0.0,0.0,0.0,0.0,1
0.10518162393162393,0.0,0.0,0.02232905982905983,1
0.10965329624749916,0.006453423120089788,0.012888547308837163,0.007996632996632997,1
0.10490693739424704,0.003948110547095319,0.0022560631697687537,0.03496897913141568,1
0.11912659412659413,0.0,0.0,0.02190827190827191,1
0.07608695652173914,0.0,0.010869565217391304,0.07608695652173914,1
0.09809616810172778,0.0141694465035829,0.0,0.07956689190473476,1
0.11712474899598393,0.0,0.0,0.016848644578313254,1
0.13100436681222707,0.013100436681222707,0.0,0.08296943231441048,1
0.12100429053265394,0.0,0.0,0.03894644481473432,1
0.15989191379203793,0.005949396066803296,0.004477403992299118,0.04690382674020379,1
0.10921717171717171,0.0,0.0,0.030303030303030304,1
0.13210351460045464,0.0,0.0,0.04600454624934429,1
0.14102564102564102,0.0,0.0,0.01282051282051282,1
0.09417941405237232,0.0018472906403940886,0.005541871921182266,0.03231138190303344,1
0.12423625254582485,0.002036659877800407,0.008146639511201629,0.018329938900203666,1
0.09460547504025765,0.0,0.014090177133655395,0.030998389694041867,1
0.09487965957830202,0.01291825620451216,0.0009363295880149813,0.0523833178382879,1
0.0028517110266159697,0.03474017743979721,0.03377693282636249,0.025221799746514575,1
0.0877905801495856,0.002061855670103093,0.0,0.06753588033151406,1
0.10555555555555556,0.0,0.0,0.018434343434343435,1
0.0989864376961151,0.005743957356860584,0.0,0.04762998849020355,1
0.1019930331286218,0.003674065926168475,0.0006552037921733034,0.05537689877582152,1
0.0,0.0,0.0,0.0,1
0.09487063731907101,0.0030739641872413507,0.004297569457946162,0.049471133080133504,1
0.07786888928788467,0.00684931506849315,0.008677157915753473,0.016455803941168884,1
0.11863771098684893,0.0,0.042611253494874185,0.03692981774878327,1
0.12121212121212122,0.0,0.010101010101010102,0.010101010101010102,1
0.062336480491411675,0.003355704697986577,0.0016778523489932886,0.06242179501763167,1
0.04210762198573853,0.004171223533918599,0.02930616634701484,0.019483044968332582,1
0.1251408172483935,0.0016129032258064516,0.001388888888888889,0.022642547524245556,1
0.08947368421052632,0.0,0.002631578947368421,0.031578947368421054,1
0.08529733650084909,0.0008403361344537815,0.03287822438800494,0.022821916487851583,1
0.11781465207112755,0.0,0.0,0.02362460170623908,1
0.0,0.0,0.0,0.0,1
0.08362802054390839,0.0,0.0,0.010735034099520082,1
0.11287162162162162,0.006689189189189189,0.0,0.022263513513513515,1
0.1264929424538545,0.004071661237785016,0.0,0.06607893121842986,1
0.10047545219638243,0.0,0.006459948320413436,0.03691989664082687,1
0.12813398275311402,0.006416569076262465,0.0031162390432591643,0.026032240320806276,1
0.12235172257716347,0.0026881720430107525,0.009698503057136832,0.02638581821206336,1
0.0,0.0,0.0,0.0,1
0.0970158021500323,0.003051427154111757,0.007950028392958547,0.03399648841110393,1
0.10404971932638332,0.0,0.0,0.011561079925153702,1
0.0,0.0,0.0,0.0,1
0.1079242649175361,0.0007575757575757576,0.006060606060606061,0.046317654745597764,1
0.10816692268305171,0.0,0.016129032258064516,0.02803379416282642,1
0.1139800708783445,0.00078125,0.0,0.04806981830302202,1
0.11027325828213173,0.0005539432836273926,0.0018682879784993724,0.02039419897788338,1
0.17564648795786733,0.0,0.0,0.04574728287669882,1
0.1433263660794267,0.0,0.0,0.01903553299492386,1
0.10454252577319587,0.008617912371134021,0.00429553264604811,0.07176224226804123,1
0.11270671593252239,0.0,0.003003003003003003,0.038740122611090354,1
0.07225806451612903,0.0,0.0,0.03483870967741936,1
0.06617793831504146,0.0,0.010385571066208825,0.02544573714447445,1
0.08275904294738488,0.01091963591963592,0.0008163265306122449,0.017138809535736148,1
0.12172673061965258,0.0,0.0,0.023463831993777547,1
0.1039381041587645,0.0,0.012938737317619305,0.03439915888428475,1
0.08014571948998178,0.020036429872495445,0.0018214936247723133,0.051001821493624776,1
0.15805179214542958,0.0,0.0,0.03659749614131367,1
0.09233959177462003,0.012387528771709563,0.011261389792463238,0.07657745058875003,1
0.14187923623182547,0.0031262211801484953,0.002344665885111372,0.0536982388055679,1
0.07534246575342465,0.0136986301369863,0.02054794520547945,0.03424657534246575,1
0.1414503904455673,0.001607717041800643,0.00482315112540193,0.001607717041800643,1
0.11004374303113475,0.0,0.0,0.03593790204991852,1
0.11005692599620494,0.007590132827324478,0.0018975332068311196,0.028462998102466792,1
0.03891756513980784,0.01729669561769237,0.0,0.09513182589730805,1
0.12108810784785749,0.0,0.0008064516129032258,0.01744102070293693,1
0.11296692607003891,0.007169260700389105,0.003501945525291829,0.03285019455252918,1
0.11404341497373584,0.0,0.002183406113537118,0.028289348775393963,1
0.10051232439804896,0.0,0.01499604345543156,0.031732070795276006,1
0.1285652120272601,0.005434782608695652,0.003260869565217391,0.05098316226502134,1
0.12549019607843137,0.029411764705882353,0.0,0.022222222222222223,1
0.13707689569134315,0.0,0.0,0.029641362622907296,1
0.1341991341991342,0.0,0.0047619047619047615,0.04704184704184703,1
0.10389807335402217,0.001004016064257028,0.0013020833333333333,0.07550086710478277,1
0.09371314858490566,0.0,0.0,0.015625,1
0.1085282644880119,0.002680965147453083,0.0013404825737265416,0.08679465839929863,1
0.1330732946298984,0.004807692307692308,0.0,0.03800798258345428,1
0.11301587301587301,0.0006349206349206349,0.0025396825396825397,0.01904761904761905,1
0.16493506493506493,0.0,0.0,0.0391304347826087,1
0.1293069306930693,0.0049504950495049506,0.0,0.0398019801980198,1
0.09621457033305765,0.0,0.0035676188670569608,0.03693948767790878,1
0.12723754233188195,0.0023584905660377358,0.04475084663763909,0.014150943396226415,1
0.08756992611097808,0.0007840501792114696,0.013498418008607497,0.027939352298634878,1
0.04745762711864407,0.003389830508474576,0.003389830508474576,0.10508474576271186,1
0.1263667150459603,0.0,0.0,0.039014444674822034,1
0.1450617283950617,0.0,0.0,0.030864197530864196,1
0.13466334164588528,0.0,0.0024937655860349127,0.02743142144638404,1
0.12264150943396226,0.0,0.0,0.02830188679245283,1
0.12342657342657343,0.0,0.011111111111111112,0.01048951048951049,1
0.10476084373143196,0.0,0.0,0.035279263220439686,1
0.09685310636326791,0.0,0.007425742574257425,0.027220485206415377,1
0.11743583612306711,0.0,0.0,0.033871922752840976,1
0.10134865134865134,0.0,0.005919080919080919,0.051286213786213786,1
0.1256699059902721,0.0,0.0023923444976076554,0.036737099666161455,1
0.15074369409327404,0.0008583690987124463,0.0,0.01805683566820166,1
0.11456544845065816,0.0033112582781456954,0.0,0.08760526530945957,1
0.09961996034368803,0.0,0.0,0.034500991407799074,1
0.0942020974662893,0.003319218570753762,0.020655207642811497,0.05914245126487061,1
0.08382352941176471,0.0,0.008333333333333333,0.0,1
0.10810810810810811,0.0,0.006756756756756757,0.05405405405405406,1
0.09355246523388117,0.0037926675094816687,0.0037926675094816687,0.021491782553729456,1
0.12191807404107817,0.0,0.0,0.031528412450943503,1
0.09461966604823747,0.0,0.011131725417439703,0.02040816326530612,1
0.1418572048553434,0.0,0.0011947431302270011,0.041072745079933304,1
0.12383206883117741,0.0,0.0,0.04015619738119292,1
0.14450867052023122,0.0,0.0,0.014450867052023121,1
0.08533959678997846,0.0,0.05128205128205128,0.02045410060677236,1
0.11749797822706065,0.014198444790046656,0.0,0.06310419906687403,1
0.11354581673306773,0.0,0.0,0.08964143426294821,1
0.13460981039609138,0.0,0.0013123359580052493,0.04610856280536091,1
0.08588752011874101,0.0017094017094017096,0.007878640580062383,0.042698938253188976,1
0.07830550823395797,0.00028392958546280523,0.0014196479273140261,0.023875070982396367,1
0.09523809523809523,0.007936507936507936,0.0,0.04365079365079365,1
0.11303344867358708,0.010380622837370242,0.0,0.0461361014994233,1
0.0793464199966006,0.0,0.040720755133762575,0.039533598146622835,1
0.13335977996253498,0.00031645569620253165,0.0012658227848101266,0.04382833421366556,1
0.0,0.0,0.0,0.0,1
0.11527150164795012,0.0,0.019754522541869865,0.03413270099771822,1
0.016631130063965886,0.01257995735607676,0.0018656716417910447,0.08933901918976546,1
0.06512671356421357,0.0036250400833734166,0.010825016033349366,0.012541085457752125,1
0.10671660741493144,0.0,0.002793296089385475,0.04521648044692737,1
0.11485960558965652,0.005942275042444821,0.003925819511558052,0.04854381611597232,1
0.1713526788548213,0.0,0.0028089887640449437,0.01610526566368311,1
0.08106343283582089,0.00625,0.014925373134328358,0.02621268656716418,1
0.12164823822000927,0.0,0.008240934971531316,0.021482779199291036,1
0.11588270905197808,0.0003831417624521073,0.0007662835249042146,0.024768103753001546,1
0.12272401433691756,0.0017921146953405018,0.0,0.010752688172043012,1
0.08627858627858628,0.00641025641025641,0.0148995148995149,0.011607761607761608,1
0.10099474993092014,0.003246753246753247,0.006792852537533389,0.033365570599613155,1
0.08970604504099475,0.0,0.0037593984962406013,0.018370228476806562,1
0.11636050090841743,0.009937847607269843,0.0,0.06248382222903446,1
0.09008268629625894,0.003747773184094652,0.0014991092736378608,0.04522200934422372,1
0.06833627278071723,0.0,0.0,0.015614344503233393,1
0.0,0.0,0.0,0.0,1
0.11722891566265059,0.009036144578313253,0.0,0.009036144578313253,1
0.10229164708422919,0.0,0.0030953195510157534,0.027889148733167782,1
0.12593183294937682,0.0,0.007974481658692184,0.028107980388682143,1
0.12733732727540775,0.0,0.0,0.04340208810797046,1
0.18914159796958308,0.0,0.0,0.024330900243309,1
0.1076923076923077,0.0,0.0038461538461538464,0.0038461538461538464,1
0.14862751454567388,0.0,0.004830917874396135,0.027165493908987492,1
0.08417593528816987,0.005434782608695652,0.0,0.041708796764408494,1
0.11188863136625661,0.02568788256967968,0.0,0.04116895465620729,1
0.0967741935483871,0.0,0.0,0.03225806451612903,1
0.11594202898550725,0.002898550724637681,0.002898550724637681,0.06086956521739131,1
0.10090446579988693,0.000663129973474801,0.005424620602687307,0.017360960125233728,1
0.13717000961115253,0.0014641288433382138,0.003729935596295664,0.07721258611862139,1
0.07956694873071181,0.0,0.0,0.042732702837232454,1
0.0984967115565299,0.0,0.011305981835264642,0.07923582837456937,1
0.1031649047344411,0.0060463421377776345,0.006656651660754155,0.05035289208706429,1
0.12959001782531196,0.0,0.0,0.04231729055258467,1
0.13205782312925168,0.0,0.0,0.03520408163265306,1
0.14108466732776126,0.0,0.004273504273504274,0.034294281531850594,1
0.0951832129784685,0.01801186118704536,0.0038596845400811486,0.05915949060437778,1
0.0,0.0,0.0,0.0,1
0.14378627331995208,0.0,0.0,0.03397438889666869,1
0.1560798166487941,0.0034904013961605585,0.0,0.01675813200445762,1
0.14583333333333331,0.0,0.0,0.0,1
0.09815468244613666,0.0010761426622586552,0.0,0.02133529174965313,1
0.11265518728863363,0.0,0.0030737704918032786,0.023011394540718832,1
0.10276291777904976,0.0,0.01936052749256074,0.027791359436179955,1
0.1056701030927835,0.0,0.010309278350515464,0.01804123711340206,1
0.11618082694070536,0.0,0.02277222945915955,0.004728132387706856,1
0.06353479853479853,0.005,0.0025,0.00974025974025974,1
0.11531305182388463,0.0015123328065092048,0.0032387488902547294,0.04873748182944557,1
0.11428571428571428,0.0,0.0,0.02857142857142857,1
0.0896098003629764,0.0,0.0,0.03791086912684009,1
0.1110898347740453,0.02161067950541635,0.0,0.0580479264689791,1
0.10800767202109807,0.001937984496124031,0.0,0.04175657316390954,1
0.11410270933635419,0.0034343434343434343,0.0066836590201076185,0.03956386292834891,1
0.04936233572862044,0.0,0.013157894736842105,0.04661099242571373,1
0.11135181757912227,0.0009884782564093546,0.0045043364622711106,0.02820538151182861,1
0.13535825509438523,0.0,0.0,0.01902835451551115,1
0.06321743966412433,0.006370179396283167,0.0006230529595015577,0.016157191069574247,1
0.12452875286673151,0.0,0.0,0.026757574074741147,1
0.09960235319751606,0.0,0.0018656716417910447,0.05320568689399717,1
0.10073993171169886,0.0011235955056179774,0.0014705882352941176,0.05827569435438353,1
0.11424076960369306,0.003665197735278598,0.0033443146650693817,0.02497529440419375,1
0.1331002331002331,0.0,0.0,0.00909090909090909,1
0.12595419847328243,0.0,0.0,0.026717557251908396,1
0.12353964440401134,0.005064063515269655,0.0033005189255189255,0.034925817397503146,1
0.11088124274099884,0.0040650406504065045,0.004464285714285714,0.02112369337979094,1
0.09634389701150393,0.0010710064363615717,0.013163962436438385,0.03275386360762032,1
0.11231093846514668,0.002890173410404624,0.004531398799636791,0.0236138728056869,1
0.0821256038647343,0.0,0.0,0.00966183574879227,1
0.11014006596429232,0.00273224043715847,0.002287371220639677,0.03088599324233757,1
0.1464285714285714,0.0018796992481203006,0.0018796992481203006,0.023778195488721805,1
0.12436349392871132,0.0009009009009009009,0.03509596553074814,0.015315315315315315,1
0.05873015873015872,0.0,0.0,0.0,1
0.09606255012028869,0.0034482758620689655,0.0034482758620689655,0.021101309810211175,1
0.1032425863192541,0.0,0.001482799525504152,0.028963766107039626,1
0.07136224414810093,0.0,0.0,0.02192251548281159,1
0.12745098039215685,0.0,0.0,0.0,1
0.0,0.0,0.0,0.0,1
0.1525284812720269,0.0,0.0,0.014834849602491599,1
0.10400196066029979,0.02533837201948011,0.00871228891278224,0.04000379482638669,1
0.07147749958082461,0.004084450628214858,0.01032058356901428,0.03681840311532007,1
0.12498679390206642,0.0,0.005291005291005291,0.00815494393476045,1
0.10903198025485733,0.0019610869310304393,0.004904426559356137,0.03865510399804068,1
0.05946108685834713,0.0,0.0,0.013723719203171258,1
0.10796394404991691,0.0,0.0018518518518518517,0.019434394315101845,1
0.12833405433597259,0.0020836404629933866,0.005957499450570927,0.0255522652836493,1
0.05504139462879451,0.017416032846469677,0.0,0.11890018173251665,1
0.09731510781978925,0.009236453201970444,0.0006157635467980296,0.060671059928881346,1
0.10575540602714516,0.006793478260869565,0.0013227513227513227,0.026814469749252355,1
0.11569077597221757,0.0003561253561253561,0.013902403935404154,0.026529846020031264,1
0.10600706713780919,0.0,0.0,0.024734982332155476,1
0.1287087369795621,0.016854444410701813,0.0,0.020794740198609128,1
0.08738344529383314,0.00010403662089055347,0.019181971980315324,0.03786834851346477,1
0.11688511497842564,0.0,0.00291999508418336,0.02590231915701202,1
0.16984126984126982,0.0,0.0,0.009523809523809523,1
0.09793099097962531,0.0,0.023307891250867345,0.025172680249794993,1
0.0553011803011803,0.0,0.018518518518518517,0.028133903133903133,1
0.09399027589326098,0.0,0.0,0.022557666214382634,1
0.06451612903225806,0.0,0.005376344086021506,0.04838709677419355,1
0.09151162790697674,0.0,0.021627906976744188,0.01930232558139535,1
0.12448700410396717,0.0,0.007751937984496124,0.031098951208390332,1
0.05,0.0,0.025,0.0,1
0.10482740585774059,0.0,0.0010460251046025104,0.04572960251046025,1
0.1292053100563739,0.001182033096926714,0.000591016548463357,0.013385550619593173,1
0.11277756782255886,0.0,0.0006150061500615006,0.027013740386231846,1
0.0,0.0,0.0,0.0,1
0.08092859785423603,0.0,0.014520902700702921,0.02159637439881613,1
0.08702864474078023,0.0,0.002668303114831955,0.02057248734181897,1
0.12339431885077129,0.003618576143328619,0.0,0.02515977788255016,1
0.08895249979715691,0.0029525810447074714,0.007119453206830385,0.02137307184115168,1
0.1323529411764706,0.0,0.0043859649122807015,0.021929824561403508,1
0.10283980693162077,0.0,0.0037605790025475707,0.02878552291040959,1
0.14027149321266968,0.0,0.029411764705882353,0.0,1
0.07239819004524888,0.0,0.01809954751131222,0.03619909502262444,1
0.10417142895982216,0.0,0.0,0.010519436058634963,1
0.1393188854489164,0.0030959752321981426,0.0,0.05572755417956656,1
0.11461634825146633,0.0025995484102295744,0.0005136106831022085,0.0715047984685464,1
0.08665605328090649,0.00089126559714795,0.005957869041033341,0.018905252251040658,1
0.18167192284839342,0.004273504273504273,0.0,0.021367521367521364,1
0.0,0.0,0.0,0.0,1
0.0625,0.0,0.0,0.06696428571428571,1
0.10960951544797022,0.0008291873963515755,0.006633499170812604,0.01804005184163217,1
0.10243055555555555,0.0,0.02179783950617284,0.03414351851851852,1
0.07581632653061224,0.0,0.025204081632653058,0.02530612244897959,1
0.09212253654303726,0.0004873294346978557,0.0026805674104783974,0.03149409386142519,1
0.13315665800257218,0.0012103692979006406,0.00010270103728047654,0.04794161753020608,1
0.1326952674105425,0.0016722408026755853,0.0,0.03164308757806257,1
0.10874222619425221,0.0,0.012028552992365438,0.01969484367702889,1
0.11973208910295002,0.0,0.0,0.031231186032510537,1
0.13388968571307597,0.0,0.016318551543007796,0.022976023942874693,1
0.12080045393203288,0.000946969696969697,0.0,0.03695737741790373,1
0.12290268456375839,0.0,0.0,0.007032175286221871,1
0.1175689583613766,0.0,0.0,0.07582825750437475,1
0.10884516551619892,0.0,0.005605381165919282,0.03589963218622462,1
0.1387133024301166,0.0,0.01043685910942548,0.03708386009270965,1
0.11504424778761062,0.008849557522123894,0.004424778761061947,0.0420353982300885,1
0.08038749881650184,0.0,0.014098690835850957,0.043031993183050586,1
0.018315318266186265,0.02588983513484005,0.03134894639152746,0.014794191505622886,1
0.09485495347564313,0.006896551724137931,0.0034482758620689655,0.014833059660645867,1
0.12777777777777777,0.0,0.0,0.013888888888888888,1
0.1111111111111111,0.013888888888888888,0.041666666666666664,0.041666666666666664,1
0.11937254140158321,0.004257523513509138,0.002824858757062147,0.039730141000113316,1
0.09818181818181818,0.0,0.0,0.014545454545454545,0
0.08387096774193549,0.035483870967741936,0.0032258064516129032,0.025806451612903226,0
0.0948905109489051,0.010948905109489052,0.0,0.025547445255474453,0
0.13249211356466878,0.0015772870662460567,0.0,0.022082018927444796,0
0.053763440860215055,0.0035842293906810036,0.0,0.0967741935483871,0
0.15789473684210525,0.0,0.0,0.042105263157894736,0
0.07103825136612021,0.0,0.00546448087431694,0.0273224043715847,0
0.0625,0.0,0.0125,0.0125,0
0.12561576354679804,0.0,0.0,0.017241379310344827,0
0.13286713286713286,0.0,0.0,0.055944055944055944,0
0.12359550561797752,0.0,0.0,0.033707865168539325,0
0.0,0.0,0.0,0.0,0
0.05723905723905724,0.0,0.0,0.05387205387205387,0
0.1171875,0.0,0.0,0.0234375,0
0.1348973607038123,0.002932551319648094,0.0,0.02346041055718475,0
0.08997955010224949,0.02044989775051125,0.002044989775051125,0.08588957055214724,0
0.10909090909090909,0.0,0.0,0.01818181818181818,0
0.12121212121212122,0.0,0.004329004329004329,0.017316017316017316,0
0.10185185185185185,0.0,0.0,0.0,0
0.13357400722021662,0.0,0.0,0.010830324909747292,0
0.05333333333333334,0.0,0.0,0.10666666666666667,0
0.040766968500890025,0.01694915254237288,0.025423728813559324,0.03260196579212135,0
0.09523809523809523,0.0,0.0,0.05555555555555555,0
0.11382113821138211,0.016260162601626018,0.0,0.08130081300813008,0
0.13157894736842105,0.0,0.0,0.09649122807017543,0
0.10358255451713395,0.004672897196261682,0.002336448598130841,0.03894080996884735,0
0.06741573033707865,0.0,0.0,0.02247191011235955,0
0.14893617021276595,0.0,0.0,0.0425531914893617,0
0.1262848751835536,0.007342143906020558,0.004405286343612335,0.030837004405286344,0
0.06082251082251083,0.011363636363636364,0.0,0.011363636363636364,0
0.12698412698412698,0.0,0.0,0.0,0
0.10497237569060773,0.0,0.0013812154696132596,0.04834254143646409,0
0.125,0.0,0.0,0.036458333333333336,0
0.11271623113728377,0.0,0.009569377990430622,0.0215311004784689,0
0.10606060606060606,0.00909090909090909,0.00909090909090909,0.030303030303030304,0
0.16791044776119404,0.0,0.0,0.022388059701492536,0
0.0,0.0,0.13043478260869565,0.021739130434782608,0
0.09375,0.0,0.0,0.020833333333333332,0
0.11506524317912219,0.014234875444839857,0.0035587188612099642,0.08659549228944247,0
0.11707317073170732,0.0,0.0,0.004878048780487805,0
0.09762900976290098,0.0,0.015341701534170154,0.023709902370990237,0
0.1346153846153846,0.003076923076923077,0.0,0.04,0
0.05128205128205128,0.0,0.0,0.02564102564102564,0
0.09950248756218906,0.0,0.0,0.03233830845771144,0
0.10777774125297346,0.0,0.004076479076479077,0.035661459074771765,0
0.0,0.0,0.0,0.0,0
0.0872093023255814,0.0,0.0,0.023255813953488372,0
0.09933774834437085,0.013245033112582781,0.0,0.013245033112582781,0
0.047058823529411764,0.0,0.08235294117647059,0.020588235294117647,0
0.0,0.0,0.0,0.0,0
0.15,0.0,0.007142857142857143,0.010714285714285714,0
0.12727272727272726,0.0,0.0,0.031818181818181815,0
0.0,0.0,0.0,0.0,0
0.11703360370799537,0.0034762456546929316,0.0034762456546929316,0.03244495944380069,0
0.07913209955328654,0.006381620931716656,0.005105296745373325,0.09955328653477984,0
0.08233890214797136,0.0,0.00477326968973747,0.03579952267303103,0
0.09404520917678812,0.0025750178613955705,0.008484162895927601,0.05154997221560689,0
0.08542713567839195,0.0,0.005025125628140704,0.035175879396984924,0
0.0,0.0,0.0,0.0,0
0.12023460410557185,0.011730205278592375,0.0,0.0469208211143695,0
0.0881057268722467,0.0,0.0,0.05726872246696035,0
0.07539267015706806,0.0031413612565445027,0.012565445026178011,0.019895287958115182,0
0.10412573673870335,0.0,0.0,0.0275049115913556,0
0.03704294217687075,0.007307610544217687,0.006802721088435374,0.04384566326530612,0
0.1095890410958904,0.0,0.0,0.0273972602739726,0
0.13513513513513514,0.009009009009009009,0.0,0.018018018018018018,0
0.08424278802430063,0.006502601040416166,0.009321910582414784,0.03631452581032413,0
0.057971014492753624,0.0,0.0,0.014492753623188406,0
0.11940298507462686,0.0,0.0,0.018656716417910446,0
0.035211267605633804,0.002347417840375587,0.0,0.12910798122065728,0
0.08032128514056225,0.0,0.008032128514056224,0.024096385542168676,0
0.07692307692307693,0.0,0.03296703296703297,0.01098901098901099,0
0.0,0.0,0.0,0.0,0
0.0,0.0,0.0,0.0,0
0.13777777777777778,0.0,0.0,0.02666666666666667,0
0.1096396566153491,0.002178040109074592,0.0015394705049877463,0.02219540060127963,0
0.10129528876601575,0.002242152466367713,0.0,0.014715979135077176,0
0.13553113553113552,0.0,0.003663003663003663,0.02197802197802198,0
0.0,0.015669856459330143,0.019736842105263157,0.03369218500797448,0
0.17687074829931973,0.0,0.0,0.006802721088435374,0
0.11469534050179211,0.007168458781362007,0.0,0.022700119474313024,0
0.1197954711468225,0.0029218407596785976,0.009495982468955442,0.03360116873630387,0
0.1419141914191419,0.006600660066006601,0.0,0.07920792079207921,0
0.09711286089238845,0.0026246719160104987,0.0026246719160104987,0.03412073490813648,0
0.12878787878787878,0.0,0.0,0.05303030303030303,0
0.11875,0.0,0.00625,0.00625,0
0.07184466019417475,0.003883495145631068,0.007766990291262136,0.07378640776699029,0
0.06,0.02,0.0,0.12,0
0.1124031007751938,0.0,0.003875968992248062,0.04263565891472868,0
0.16666666666666666,0.0,0.0,0.0,0
0.07352941176470588,0.014705882352941176,0.0,0.04411764705882353,0
0.08108108108108109,0.0,0.0,0.0,0
0.11555555555555555,0.0,0.0,0.07555555555555556,0
0.0903010033444816,0.0,0.0033444816053511705,0.03678929765886288,0
0.0,0.0,0.0,0.0,0
0.1056338028169014,0.0,0.007042253521126761,0.014084507042253521,0
0.1044776119402985,0.0,0.0,0.007462686567164179,0
0.09433962264150944,0.0,0.0,0.018867924528301886,0
0.0,0.0,0.0,0.0,0
0.0,0.0,0.0,0.0,0
0.128428927680798,0.0,0.0024937655860349127,0.04239401496259352,0
0.1,0.0,0.0,0.0,0
0.13829787234042554,0.0,0.010638297872340425,0.02127659574468085,0
0.08703857718636043,0.001567398119122257,0.0,0.05492290960271255,0
0.0906515580736544,0.0,0.0056657223796034,0.031161473087818695,0
0.13968253968253969,0.0031746031746031746,0.0,0.012698412698412698,0
0.06918238993710692,0.0,0.0,0.018867924528301886,0
0.11435523114355231,0.0,0.0,0.019464720194647202,0
0.11059907834101383,0.0,0.027649769585253458,0.03686635944700461,0
0.12153518123667377,0.0042643923240938165,0.0,0.03411513859275053,0
0.0,0.0,0.0,0.0,0
0.07849829351535836,0.0034129692832764505,0.0,0.010238907849829351,0
0.08633093525179857,0.0,0.0041109969167523125,0.01644398766700925,0
0.09666486196351184,0.0,0.01294610151753009,0.026761676390572975,0
0.07894736842105263,0.0,0.02631578947368421,0.02631578947368421,0
0.044444444444444446,0.007407407407407408,0.02962962962962963,0.044444444444444446,0
0.11895910780669144,0.0,0.0037174721189591076,0.0037174721189591076,0
0.02666666666666667,0.006666666666666667,0.0,0.08666666666666667,0
0.10704022988505747,0.005747126436781609,0.009423597025016904,0.04263860716700474,0
0.09041095890410959,0.0,0.0,0.0273972602739726,0
0.09743308334857631,0.0,0.010822510822510822,0.0433205292360222,0
0.11627906976744186,0.003875968992248062,0.003875968992248062,0.025193798449612403,0
0.15555555555555556,0.0,0.0,0.025925925925925925,0
0.1,0.0,0.0,0.0,0
0.11012658227848102,0.0,0.0,0.0379746835443038,0
0.08653846153846154,0.0,0.03365384615384615,0.014423076923076924,0
0.08417770849571317,0.004676539360872954,0.0,0.044427123928293066,0
0.11072724854509808,0.0009216589861751152,0.0,0.05292555138061296,0
0.107981220657277,0.0,0.004694835680751174,0.028169014084507043,0
0.09751434034416825,0.0,0.01338432122370937,0.030592734225621414,0
0.061611374407582936,0.0,0.0,0.0947867298578199,0
0.10465116279069768,0.0,0.005813953488372093,0.029069767441860465,0
0.09444444444444444,0.0,0.002777777777777778,0.008333333333333333,0
0.13114754098360656,0.0,0.0,0.0,0
0.08032128514056225,0.008032128514056224,0.0,0.0963855421686747,0
0.10416666666666667,0.0,0.0,0.020833333333333332,0
0.11510791366906475,0.004316546762589928,0.0028776978417266188,0.010071942446043165,0
0.102880658436214,0.0,0.0,0.03292181069958848,0
0.12878787878787878,0.0,0.003787878787878788,0.01893939393939394,0
0.11354581673306773,0.00199203187250996,0.00199203187250996,0.06573705179282868,0
0.12547169811320755,0.0018867924528301887,0.0,0.016981132075471698,0
0.0,0.0,0.0,0.0,0
0.10355987055016182,0.0,0.0,0.0970873786407767,0
0.1111111111111111,0.0009832841691248771,0.003933136676499509,0.05703048180924287,0
0.004154795821462488,0.0,0.08911047799936689,0.029360557138334915,0
0.07766990291262135,0.0,0.019417475728155338,0.043689320388349516,0
0.09859154929577464,0.0,0.0,0.014084507042253521,0
0.10778443113772455,0.029940119760479042,0.0,0.041916167664670656,0
0.1640625,0.0,0.0,0.0390625,0
0.09803921568627451,0.0028011204481792717,0.0,0.036414565826330535,0
0.10486891385767791,0.0,0.003745318352059925,0.0149812734082397,0
0.12439024390243902,0.0,0.004878048780487805,0.014634146341463415,0
0.07120743034055728,0.018575851393188854,0.034055727554179564,0.021671826625386997,0
0.10126582278481013,0.0,0.0,0.0379746835443038,0
0.0,0.0,0.0,0.0,0
0.0,0.0,0.0,0.09259259259259259,0
0.12096774193548387,0.0,0.0,0.04032258064516129,0
0.02318840579710145,0.0,0.0,0.08115942028985507,0
0.05779153766769866,0.0,0.043859649122807015,0.00980392156862745,0
0.10783608914450037,0.0014378145219266715,0.005751258087706686,0.03450754852624011,0
0.1021671826625387,0.0030959752321981426,0.0030959752321981426,0.06501547987616099,0
0.0547945205479452,0.0,0.0,0.0684931506849315,0
0.0,0.0,0.0,0.0,0
0.07258064516129033,0.008064516129032258,0.0,0.05241935483870968,0
0.05970149253731343,0.0,0.004975124378109453,0.004975124378109453,0
0.09036144578313253,0.0,0.0,0.05421686746987952,0
0.11585365853658537,0.0,0.0,0.018292682926829267,0
0.0,0.0,0.0,0.0,0
0.10506432509699817,0.0,0.0,0.03144782519910149,0
0.0,0.0,0.022222222222222223,0.022222222222222223,0
0.030120481927710843,0.015060240963855422,0.0030120481927710845,0.07530120481927711,0
0.13725490196078433,0.0,0.0,0.0392156862745098,0
0.04952076677316294,0.01597444089456869,0.0007987220447284345,0.08865814696485623,0
0.13,0.0,0.0,0.03,0
0.0851063829787234,0.0,0.0,0.0851063829787234,0
0.0931512818920441,0.0,0.0,0.021583111859883344,0
0.15584415584415584,0.0,0.0,0.0,0
0.1111111111111111,0.0,0.1111111111111111,0.0,0
0.046153846153846156,0.023076923076923078,0.007692307692307693,0.06153846153846154,0
0.10416666666666667,0.0,0.010416666666666666,0.020833333333333332,0
0.035164835164835165,0.02197802197802198,0.0,0.06153846153846154,0
0.12962962962962962,0.009259259259259259,0.0,0.046296296296296294,0
0.09,0.005,0.025,0.065,0
0.0,0.0,0.0,0.0,0
0.09444444444444444,0.0,0.011111111111111112,0.027777777777777776,0
0.12791783380018673,0.0056022408963585435,0.0,0.025210084033613446,0
0.09726644544606637,0.0,0.005772449995687594,0.018758598381257822,0
0.08009153318077804,0.0,0.003432494279176201,0.019450800915331808,0
0.07848057947869731,0.005076142131979695,0.012690355329949238,0.03770033650829864,0
0.10270270270270271,0.0,0.0013513513513513514,0.0445945945945946,0
0.09815950920245399,0.0,0.018404907975460124,0.024539877300613498,0
0.08433734939759036,0.0,0.024096385542168676,0.012048192771084338,0
0.09247786172425748,0.0009823182711198428,0.013256682011376916,0.03640467729331418,0
0.0761904761904762,0.012698412698412698,0.0031746031746031746,0.10793650793650794,0
0.0,0.0,0.0,0.0,0
0.06598984771573604,0.005076142131979695,0.0,0.09137055837563451,0
0.1518987341772152,0.0,0.0,0.012658227848101266,0
0.07710280373831775,0.011682242990654205,0.002336448598130841,0.06074766355140187,0
0.09090909090909091,0.0,0.022727272727272728,0.05303030303030303,0
0.09803921568627451,0.004901960784313725,0.0,0.014705882352941176,0
0.1153184165232358,0.0034423407917383822,0.0,0.04475043029259897,0
0.11258278145695365,0.006622516556291391,0.0,0.06622516556291391,0
0.06374501992031872,0.00796812749003984,0.03187250996015936,0.0199203187250996,0
0.09701492537313433,0.0,0.0,0.011194029850746268,0
0.07746478873239436,0.007042253521126761,0.0,0.1056338028169014,0
0.09012840766395269,0.002369668246445498,0.0,0.032709523230850246,0
0.12162162162162163,0.006756756756756757,0.0,0.07432432432432433,0
0.09722222222222222,0.0,0.0,0.0,0
0.13314840499306518,0.0013869625520110957,0.0,0.0638002773925104,0
0.08139534883720931,0.011627906976744186,0.0,0.050387596899224806,0
0.17647058823529413,0.0,0.0,0.0,0
0.11235955056179775,0.0,0.0,0.0,0
0.14685314685314685,0.0034965034965034965,0.0034965034965034965,0.03146853146853147,0
0.08275862068965517,0.0,0.004597701149425287,0.011494252873563218,0
0.0,0.0,0.0,0.0,0
0.13768115942028986,0.0,0.0,0.021739130434782608,0
0.10257661026582689,0.003676470588235294,0.001838235294117647,0.02869929545948947,0
0.1297335203366059,0.0,0.0,0.024694450010018035,0
0.12536443148688048,0.0,0.014577259475218658,0.026239067055393587,0
0.15151515151515152,0.0,0.0,0.015151515151515152,0
0.001564945226917058,0.0,0.06103286384976526,0.07042253521126761,0
0.023450586264656615,0.03350083752093802,0.011725293132328308,0.02680067001675042,0
0.125,0.0,0.0,0.017857142857142856,0
0.07207207207207207,0.0,0.0,0.009009009009009009,0
0.0,0.0,0.0,0.0,0
0.1310344827586207,0.0,0.0,0.013793103448275862,0
0.10146654904242607,0.00211864406779661,0.0013227513227513227,0.020540967229969988,0
0.0826662143826323,0.0033921302578018998,0.008141112618724558,0.05349389416553596,0
0.13482979284866076,0.0,0.0017482517482517483,0.04106742314289484,0
0.11956521739130435,0.0,0.0,0.03260869565217391,0
0.10481099656357389,0.01718213058419244,0.001718213058419244,0.03264604810996564,0
0.1126550121617935,0.001250537174754822,0.021990379981630327,0.04460576361702885,0
0.15942028985507245,0.0,0.0,0.028985507246376812,0
0.13793103448275862,0.0,0.0034482758620689655,0.027586206896551724,0
0.11801242236024845,0.0,0.0,0.027950310559006212,0
0.10212765957446808,0.00851063829787234,0.00425531914893617,0.02127659574468085,0
0.05725190839694656,0.003816793893129771,0.0,0.10305343511450382,0
0.15228426395939088,0.0,0.0,0.005076142131979695,0
0.0,0.0,0.0,0.0,0
0.16129032258064516,0.0,0.0,0.0,0
0.06,0.0,0.04,0.0,0
0.11594202898550725,0.0,0.0,0.08695652173913043,0
0.11817501869857891,0.0029917726252804786,0.002243829468960359,0.031413612565445025,0
0.1411764705882353,0.00392156862745098,0.0,0.011764705882352941,0
0.11152416356877323,0.0037174721189591076,0.0,0.011152416356877323,0
0.12971698113207547,0.0023584905660377358,0.0,0.030660377358490566,0
0.072,0.0,0.0,0.008,0
0.11728395061728394,0.006172839506172839,0.012345679012345678,0.04938271604938271,0
0.15384615384615385,0.0,0.008547008547008548,0.06837606837606838,0
0.08914728682170543,0.003875968992248062,0.0,0.05426356589147287,0
0.1442495126705653,0.005847953216374269,0.001949317738791423,0.023391812865497075,0
0.15841584158415842,0.0,0.0,0.009900990099009901,0
0.07310130103374565,0.0,0.026840490797546013,0.027799486922240754,0
0.08596165739022882,0.010513296227581941,0.0024737167594310453,0.05627705627705628,0
0.09090909090909091,0.0,0.0,0.06611570247933884,0
0.029411764705882353,0.0,0.0,0.029411764705882353,0
0.08573091157082839,0.0,0.015503875968992248,0.037054745398039685,0
0.12389380530973451,0.0,0.0,0.008849557522123894,0
0.08064329738058551,0.0011363636363636363,0.0011363636363636363,0.02035824345146379,0
0.13095238095238096,0.0,0.0,0.03571428571428571,0
0.05357142857142857,0.0,0.06785714285714285,0.03571428571428571,0
0.09401709401709402,0.0,0.0,0.008547008547008548,0
0.072,0.008,0.024,0.072,0
0.09881422924901186,0.007905138339920948,0.0,0.019762845849802372,0
0.0,0.0,0.0,0.0,0
0.1157556270096463,0.0,0.0,0.02572347266881029,0
0.050505050505050504,0.0,0.010101010101010102,0.10606060606060606,0
0.11594202898550725,0.0,0.0,0.057971014492753624,0
0.11764705882352941,0.0,0.0,0.025210084033613446,0
0.1134453781512605,0.004201680672268907,0.004201680672268907,0.04201680672268908,0
0.11394302848575712,0.0014992503748125937,0.0014992503748125937,0.026986506746626688,0
0.07777777777777778,0.0,0.011111111111111112,0.022222222222222223,0
0.10824742268041238,0.0,0.0,0.015463917525773196,0
0.1136890951276102,0.0,0.0,0.037122969837587005,0
0.07605633802816901,0.016901408450704224,0.0,0.061971830985915494,0
0.08333333333333333,0.0,0.0,0.010416666666666666,0
0.13225371120107962,0.001349527665317139,0.0,0.01349527665317139,0
0.10782809272140337,0.0018165304268846503,0.003929604811379064,0.04434439627678383,0
0.06756756756756757,0.0,0.0,0.02702702702702703,0
0.0,0.0,0.0,0.0,0
0.07311827956989247,0.0064516129032258064,0.010752688172043012,0.04516129032258064,0
0.09623430962343096,0.010460251046025104,0.0020920502092050207,0.01882845188284519,0
0.058823529411764705,0.0,0.0,0.029411764705882353,0
0.11504424778761062,0.0,0.0,0.03392330383480826,0
0.1127659574468085,0.00851063829787234,0.0,0.04042553191489362,0
0.11864406779661017,0.0,0.0,0.03389830508474576,0
0.3333333333333333,0.0,0.0,0.0,0
0.06666666666666667,0.0,0.0,0.02666666666666667,0
0.08,0.0,0.04,0.04,0
0.11764705882352941,0.0,0.0,0.013071895424836602,0
0.10845986984815618,0.010845986984815618,0.015907447577729574,0.046276211135213303,0
0.12885564829133395,0.007575757575757576,0.0,0.026531537925157955,0
0.12903225806451613,0.0,0.0,0.03225806451612903,0
0.10245635056487504,0.0007874015748031496,0.012444368366997603,0.025830195138651146,0
0.1164021164021164,0.0,0.0,0.010582010582010581,0
0.13642052565707133,0.0012515644555694619,0.0037546933667083854,0.0425531914893617,0
0.10847457627118644,0.0,0.0,0.03389830508474576,0
0.13008130081300814,0.0,0.0,0.024390243902439025,0
0.08163265306122448,0.0,0.061224489795918366,0.04081632653061224,0
0.1497326203208556,0.0,0.0,0.016042780748663103,0
0.10375841324676871,0.0,0.0015337423312883436,0.05877360176305914,0
0.1485148514851485,0.0,0.0049504950495049506,0.024752475247524754,0
0.1223021582733813,0.007194244604316547,0.0,0.02158273381294964,0
0.07869488296135002,0.010172836145890037,0.0,0.08199510070767556,0
0.07042253521126761,0.0,0.014084507042253521,0.0,0
0.12585034013605442,0.0,0.003401360544217687,0.023809523809523808,0
0.1111111111111111,0.0,0.007936507936507936,0.023809523809523808,0
0.10602910602910603,0.0,0.0,0.016632016632016633,0
0.1054421768707483,0.006802721088435374,0.006802721088435374,0.023809523809523808,0
0.0,0.0,0.0,0.0,0
0.09387755102040816,0.0,0.0,0.024489795918367346,0
0.11497326203208556,0.001336898395721925,0.001336898395721925,0.020053475935828877,0
0.08823529411764706,0.0,0.0,0.0196078431372549,0
0.09823097721127849,0.0033333333333333335,0.005698467876915154,0.02984936268829664,0
0.10098792535675083,0.003293084522502744,0.0,0.042810098792535674,0
0.08496732026143791,0.0196078431372549,0.0,0.0784313725490196,0
0.0,0.0,0.0,0.0,0
0.10989010989010989,0.0,0.0,0.02197802197802198,0
0.0728643216080402,0.010050251256281407,0.0,0.09798994974874371,0
0.14634146341463414,0.0,0.0,0.0,0
0.1724137931034483,0.0,0.0,0.0,0
0.046511627906976744,0.0,0.023255813953488372,0.023255813953488372,0
0.10344827586206896,0.0,0.0,0.0,0
0.0,0.0,0.0,0.0,0
0.05078125,0.00390625,0.0,0.0703125,0
0.0,0.0,0.0,0.0,0
0.07954545454545454,0.0,0.011363636363636364,0.045454545454545456,0
0.14381270903010032,0.006688963210702341,0.0,0.04013377926421405,0
0.10251450676982592,0.0019342359767891683,0.0019342359767891683,0.029013539651837523,0
0.11594202898550725,0.006211180124223602,0.006211180124223602,0.08488612836438923,0
0.1048951048951049,0.004662004662004662,0.0,0.02097902097902098,0
0.0625,0.0,0.0125,0.0,0
0.10191990400479976,0.0032717114144292783,0.010365106744662768,0.03497012649367531,0
0.11253561253561253,0.0,0.002849002849002849,0.019943019943019943,0
0.13232104121475055,0.0,0.0021691973969631237,0.010845986984815618,0
0.12087912087912088,0.0,0.0,0.04395604395604396,0
0.10073795600111389,0.006784638363585731,0.027758790916685653,0.031132123237386396,0
0.1111111111111111,0.0,0.0,0.022222222222222223,0
0.13157894736842105,0.0,0.0,0.013157894736842105,0
0.08695652173913043,0.005928853754940711,0.0,0.017786561264822136,0
0.10638297872340426,0.0,0.0029013539651837525,0.020309477756286266,0
0.0,0.0,0.0,0.0,0
0.09897610921501707,0.0,0.01877133105802048,0.027303754266211604,0
0.08751793400286945,0.0,0.0,0.01721664275466284,0
0.13648293963254593,0.0,0.010498687664041995,0.023622047244094488,0
0.11353711790393013,0.0,0.0,0.048034934497816595,0
0.17142857142857143,0.0,0.0,0.0,0
0.08080808080808081,0.0,0.0,0.050505050505050504,0
0.0945945945945946,0.05405405405405406,0.0,0.06756756756756757,0
0.11462450592885376,0.0,0.0,0.05928853754940711,0
0.15,0.0,0.005555555555555556,0.03333333333333333,0
0.08955223880597014,0.0,0.0,0.0,0
0.11302211302211303,0.002457002457002457,0.004914004914004914,0.009828009828009828,0
0.0,0.0,0.0,0.0,0
0.09433962264150944,0.022641509433962263,0.007547169811320755,0.04150943396226415,0
0.11538461538461539,0.0,0.0,0.019230769230769232,0
0.1543859649122807,0.0035087719298245615,0.0,0.021052631578947368,0
0.0748663101604278,0.0,0.0213903743315508,0.0374331550802139,0
0.11024098504118239,0.001467575447167284,0.008215392314982247,0.035266928521131634,0
0.11075441412520064,0.0,0.008025682182985553,0.019261637239165328,0
0.1388888888888889,0.0,0.05555555555555555,0.027777777777777776,0
0.10421672176086431,0.0,0.01113133151349712,0.03339744992570922,0
0.1148936170212766,0.00425531914893617,0.0,0.04680851063829787,0
0.0,0.0,0.0,0.0,0
0.13812154696132597,0.0,0.0055248618784530384,0.016574585635359115,0
0.11343283582089553,0.005970149253731343,0.005970149253731343,0.041791044776119404,0
0.0,0.0,0.0,0.0,0
0.058823529411764705,0.00980392156862745,0.00980392156862745,0.0392156862745098,0
0.1088339222614841,0.0007067137809187279,0.0014134275618374558,0.0431095406360424,0
0.08571428571428572,0.0,0.0,0.014285714285714285,0
0.10049019607843138,0.022058823529411766,0.00980392156862745,0.0392156862745098,0
0.15668202764976957,0.0,0.0,0.018433179723502304,0
0.10142630744849446,0.0,0.0,0.02694136291600634,0
0.0945945945945946,0.006756756756756757,0.01266891891891892,0.05405405405405406,0
0.0,0.0,0.0,0.0,0
0.1111111111111111,0.0,0.0,0.05555555555555555,0
0.09405940594059406,0.017326732673267328,0.0,0.0594059405940594,0
0.0,0.0,0.0,0.0,0
0.09876543209876543,0.0,0.006172839506172839,0.018518518518518517,0
0.1303030303030303,0.0,0.0,0.048484848484848485,0
0.12903225806451613,0.0,0.0,0.03225806451612903,0
0.06763565891472868,0.006291989664082688,0.015167958656330749,0.032751937984496125,0
0.058823529411764705,0.0,0.0,0.029411764705882353,0
0.0,0.0,0.0,0.0,0
0.08771929824561403,0.0,0.0,0.04678362573099415,0
0.047181259348331,0.007940050298192544,0.030859020330869843,0.02693468660061107,0
0.09333333333333334,0.0026666666666666666,0.0,0.021333333333333333,0
0.0,0.0,0.0,0.0,0
0.09259259259259259,0.003703703703703704,0.003703703703703704,0.037037037037037035,0
0.0728395061728395,0.0012345679012345679,0.04567901234567901,0.03209876543209877,0
0.07153284671532846,0.010218978102189781,0.01167883211678832,0.042335766423357665,0
0.1598639455782313,0.0,0.0,0.034013605442176874,0
0.11666666666666667,0.005555555555555556,0.0,0.06111111111111111,0
0.10550458715596331,0.0045871559633027525,0.0045871559633027525,0.05045871559633028,0
0.12811387900355872,0.0,0.005338078291814947,0.06761565836298933,0
0.059880239520958084,0.0,0.005988023952095809,0.11377245508982035,0
0.12389380530973451,0.0,0.0,0.07079646017699115,0
0.09515260323159784,0.0,0.00718132854578097,0.02872531418312388,0
0.13259668508287292,0.0,0.0,0.0055248618784530384,0
0.11413043478260869,0.0,0.0,0.02717391304347826,0
0.17567567567567569,0.0,0.0,0.013513513513513514,0
0.13078470824949698,0.002012072434607646,0.004024144869215292,0.030181086519114688,0
0.10714285714285714,0.0,0.017857142857142856,0.0,0
0.12,0.0,0.0,0.0,0
0.07142857142857142,0.0,0.0,0.047619047619047616,0
0.12658227848101267,0.0,0.0,0.04430379746835443,0
0.06071135606739322,0.0,0.025525351841141315,0.04915267051489961,0
0.07291666666666667,0.0,0.0,0.041666666666666664,0
0.1134020618556701,0.0,0.0,0.013745704467353952,0
0.07407407407407407,0.0,0.0,0.0,0
0.08333333333333333,0.013333333333333334,0.0,0.06,0
0.0945945945945946,0.0,0.0033783783783783786,0.02702702702702703,0
0.07783018867924528,0.0023584905660377358,0.014150943396226415,0.03773584905660377,0
0.12359550561797752,0.0,0.0056179775280898875,0.033707865168539325,0
0.13138686131386862,0.0,0.0,0.014598540145985401,0
0.055401662049861494,0.006925207756232687,0.0013850415512465374,0.0817174515235457,0
0.16363636363636364,0.0,0.0,0.05454545454545454,0
0.06830601092896176,0.00546448087431694,0.00273224043715847,0.11202185792349727,0
0.16029143897996356,0.0,0.0441712204007286,0.01639344262295082,0
0.1059322033898305,0.00423728813559322,0.0,0.00847457627118644,0
0.09892086330935251,0.0,0.008992805755395683,0.02158273381294964,0
0.08823529411764706,0.0,0.0,0.029411764705882353,0
0.02702702702702703,0.0,0.08108108108108109,0.02702702702702703,0
0.1625,0.0,0.0,0.0375,0
0.08003952569169961,0.015316205533596838,0.0,0.02124505928853755,0
0.10204081632653061,0.0,0.0,0.02040816326530612,0
0.11229946524064172,0.0,0.0,0.053475935828877004,0
0.15942028985507245,0.028985507246376812,0.0,0.057971014492753624,0
0.12962962962962962,0.0,0.0,0.037037037037037035,0
0.1044776119402985,0.0029850746268656717,0.005970149253731343,0.026865671641791045,0
0.084,0.0,0.04,0.028,0
0.11519067128900094,0.0,0.0,0.016467065868263474,0
0.09803921568627451,0.004901960784313725,0.0,0.0196078431372549,0
0.08414872798434442,0.0,0.011741682974559686,0.025440313111545987,0
0.10526315789473684,0.0,0.0,0.06477732793522267,0
0.11904761904761904,0.0,0.023809523809523808,0.047619047619047616,0
0.15463917525773196,0.005154639175257732,0.0,0.020618556701030927,0
0.04046242774566474,0.0,0.0,0.12138728323699421,0
0.13528745397904274,0.0,0.001557632398753894,0.027570093457943923,0
0.1111111111111111,0.0,0.0,0.07407407407407407,0
0.09775521520487963,0.002849002849002849,0.002136752136752137,0.03591368859825236,0
0.12117970660146699,0.0,0.0012224938875305623,0.02078239608801956,0
0.125,0.0,0.0,0.037037037037037035,0
0.10204204204204204,0.003003003003003003,0.006006006006006006,0.025015015015015015,0
0.0472972972972973,0.0,0.033783783783783786,0.013513513513513514,0
0.17857142857142858,0.0,0.07142857142857142,0.03571428571428571,0
0.09866511897852583,0.0017411491584445734,0.0005803830528148578,0.053395240858966915,0
0.15483870967741936,0.0,0.0,0.012903225806451613,0
0.0658195316961736,0.0,0.0,0.04154768703597944,0
0.12424242424242424,0.021212121212121213,0.0,0.07878787878787878,0
0.12260536398467432,0.0,0.007662835249042145,0.06513409961685823,0
0.1311145087048517,0.0,0.0,0.02307489451476793,0
0.1323529411764706,0.0,0.0,0.03308823529411765,0
0.0,0.0,0.0,0.0,0
0.08904109589041095,0.0,0.00684931506849315,0.0410958904109589,0
0.13343328335832083,0.0,0.0029985007496251873,0.035982008995502246,0
0.15593220338983052,0.0,0.006779661016949152,0.01694915254237288,0
0.05333333333333334,0.0,0.05333333333333334,0.0,0
0.12571428571428572,0.0,0.0,0.022857142857142857,0
0.07251588921519252,0.0016666666666666666,0.010864255801847578,0.03145805622020064,0
0.1328125,0.0,0.0,0.036458333333333336,0
0.11097773897861196,0.0,0.006329113924050633,0.008438818565400843,0
0.0,0.0,0.0,0.0,0
0.07453416149068323,0.0,0.0,0.043478260869565216,0
0.13307984790874525,0.0,0.0076045627376425855,0.0076045627376425855,0
