num_difficult_words,fleisch_reading_ease,pronoun_fraction,noun_fraction,adverb_fraction,is_mh_sw
48.0,81.345,0.1308476821192053,0.17209271523178807,0.06117880794701987,0
22.0,81.88499999999999,0.14021739130434782,0.18043478260869567,0.02608695652173913,0
24.0,97.7,0.10071942446043165,0.28776978417266186,0.04316546762589928,1
93.0,77.57,0.0951417004048583,0.2125506072874494,0.08502024291497975,0
1.0,-22.6,0.0,0.6666666666666666,0.0,0
133.0,65.35,0.11287988422575977,0.18523878437047755,0.05788712011577424,1
10.0,76.56,0.06818181818181818,0.1590909090909091,0.06818181818181818,1
18.0,87.435,0.1378415300546448,0.1940573770491803,0.09255464480874318,1
44.5,60.38,0.13740990467333178,0.17010256012813557,0.10126843886434679,0
86.0,86.74,0.11428571428571428,0.19591836734693877,0.07755102040816327,0
88.0,74.83000000000001,0.12314956392493187,0.17897870450254982,0.07329990518250232,1
19.0,82.66600000000001,0.11394807962962654,0.14573084125085398,0.08750537945413413,1
17.0,80.71571428571428,0.15810911042640655,0.16094196107689143,0.05544397727264388,1
21.0,72.7,0.13533834586466165,0.20300751879699247,0.06766917293233082,0
33.0,74.475,0.12964285714285714,0.16517857142857142,0.08339285714285714,1
69.0,74.475,0.09624653739612188,0.21293282548476455,0.07837603878116343,1
0.0,0.0,0.0,0.0,0.0,0
9.513513513513514,74.11378378378379,0.11804833468286317,0.22021144532120127,0.05597109131712069,1
122.0,79.705,0.14905750776854526,0.15712858140203417,0.07404142311535777,0
1.0,-22.6,0.0,0.6666666666666666,0.0,0
37.0,80.92,0.11538461538461539,0.18681318681318682,0.054945054945054944,0
26.083333333333332,79.66083333333331,0.11637770948676891,0.1556247149841706,0.0905434969311874,1
182.0,65.25,0.06299212598425197,0.19122609673790777,0.08998875140607424,0
131.0,88.63,0.10431293881644935,0.16549648946840523,0.08425275827482448,1
92.0,79.3,0.13240418118466898,0.18292682926829268,0.06968641114982578,0
3.0,91.78,0.0,0.25,0.08333333333333333,0
14.5,82.24,0.19597069597069597,0.10531135531135531,0.06227106227106227,1
114.5,70.52000000000001,0.0774456115150971,0.2078283508393931,0.11059490678397223,1
62.0,68.4,0.1541501976284585,0.20948616600790515,0.04743083003952569,0
20.333333333333332,73.5,0.16252670327373211,0.16742888899085842,0.07590867607845538,1
37.0,62.17,0.11428571428571428,0.17714285714285713,0.08,0
78.0,69.65,0.11855670103092783,0.15206185567010308,0.06958762886597938,0
27.0,90.9,0.15637860082304528,0.13168724279835392,0.07407407407407407,0
47.333333333333336,82.69333333333333,0.1549492410122522,0.12920809522762378,0.08880118518465868,1
1.0,-22.6,0.0,0.6666666666666666,0.0,0
43.0,71.85,0.1,0.2222222222222222,0.07777777777777778,0
32.0,86.4,0.13,0.135,0.12,0
27.0,85.62,0.13924050632911392,0.16455696202531644,0.0759493670886076,0
65.0,76.76,0.11019283746556474,0.19834710743801653,0.06060606060606061,0
8.5,90.77000000000001,0.14509605662285135,0.13928210313447928,0.05738119312436805,1
0.0,0.0,0.0,0.0,0.0,0
1.0,-22.6,0.0,0.6666666666666666,0.0,1
50.0,81.83,0.1266233766233766,0.17532467532467533,0.06493506493506493,0
51.42857142857143,81.59571428571428,0.142363138228633,0.17469164988461858,0.07514690780686076,1
44.0,85.69,0.15737704918032788,0.19672131147540983,0.05245901639344262,0
128.0,84.035,0.14256207574133617,0.17106332618792425,0.0654876741693462,1
87.0,75.1,0.13530655391120508,0.14376321353065538,0.11205073995771671,1
35.5,82.53999999999999,0.13585198602665285,0.17592832190451546,0.07248673825850693,0
40.0,84.68,0.14130434782608695,0.16666666666666666,0.07246376811594203,0
33.5,97.29499999999999,0.14289144332062786,0.14654551457126563,0.08432125814100064,1
82.5,68.36500000000001,0.12787498276733605,0.1430828086944534,0.062571802766417,1
47.5,81.53,0.13117095063239492,0.17841842979541878,0.07050329311651221,1
119.0,72.97,0.11307420494699646,0.20141342756183744,0.054770318021201414,0
26.0,81.46,0.14012738853503184,0.14012738853503184,0.07006369426751592,0
31.5,83.455,0.13096500530222693,0.15210763520678683,0.04308059384941676,1
51.666666666666664,72.52666666666666,0.105832750762761,0.23150758425596255,0.06941523849781178,1
38.333333333333336,71.00666666666667,0.15334218835564564,0.15684011635810022,0.0905385251727312,1
71.0,74.225,0.1196373992775771,0.157279799944429,0.1020075020839122,1
3.3333333333333335,97.97333333333334,0.08862433862433862,0.15476190476190477,0.13888888888888887,1
35.5,93.89500000000001,0.15907542579075426,0.13420924574209248,0.0364963503649635,1
108.0,74.83,0.12874251497005987,0.15269461077844312,0.09880239520958084,0
91.0,77.482,0.14442454100182262,0.19486434486515897,0.07146378408187266,1
1.0,-22.6,0.0,0.6666666666666666,0.0,1
23.0,71.95,0.13402061855670103,0.13402061855670103,0.13402061855670103,0
130.0,61.06,0.10037174721189591,0.1821561338289963,0.0724907063197026,0
24.4,69.518,0.1457561394406441,0.17171484842296636,0.09237980128017854,1
13.666666666666666,59.870000000000005,0.07243589743589744,0.10683760683760683,0.2825854700854701,1
20.666666666666668,89.74000000000001,0.1178889807922066,0.22825337744692584,0.020161290322580645,1
21.0,84.48777777777777,0.11975653009345257,0.178938044907619,0.07331419398771952,0
47.0,82.95,0.15,0.18333333333333332,0.041666666666666664,0
44.833333333333336,84.11166666666666,0.14362040930859926,0.147954545477598,0.07724172575727213,1
95.66666666666667,75.39333333333333,0.10508759998704621,0.18941057323453125,0.07406121842146325,1
23.5,86.065,0.16344839371155162,0.15998803827751196,0.07852016404647982,1
1.0,-22.6,0.0,0.6666666666666666,0.0,0
19.0,80.88,0.16666666666666666,0.20512820512820512,0.10256410256410256,0
0.0,0.0,0.0,0.0,0.0,0
24.8,89.142,0.19413046100818612,0.12936943154842134,0.07505577016074014,1
9.0,75.91,0.11904761904761904,0.19047619047619047,0.023809523809523808,0
1.0,85.69,0.09090909090909091,0.2727272727272727,0.18181818181818182,0
8.0,90.09,0.08823529411764706,0.17647058823529413,0.058823529411764705,0
20.333333333333332,84.08,0.17968787073219153,0.14988741846918172,0.06691023015054451,1
24.0,81.715,0.14188338926174499,0.1166526845637584,0.13227768456375838,1
0.0,0.0,0.0,0.0,0.0,0
59.0,74.634,0.1354855127590691,0.1683460265149971,0.07045685299318401,1
25.0,84.27,0.13186813186813187,0.17032967032967034,0.08241758241758242,0
84.0,82.14,0.057692307692307696,0.20085470085470086,0.09615384615384616,0
58.0,68.13,0.16096029606811277,0.1601420442390793,0.07542356565267616,1
72.0,83.15,0.14974619289340102,0.1446700507614213,0.09390862944162437,1
11.333333333333334,79.53333333333335,0.14058984493767104,0.12343501908719301,0.13530623965406574,1
34.5,53.045,0.11371266142272538,0.1741037516234164,0.07734813399005122,0
12.333333333333334,86.31,0.07280390490945741,0.1775334432838556,0.12616989021606942,1
130.33333333333334,77.45666666666666,0.13823939055486698,0.17327522605703713,0.09210156672374169,1
40.5,69.515,0.09787703336090434,0.14447201543975738,0.12786049076371658,1
22.0,75.3,0.11965811965811966,0.23076923076923078,0.10256410256410256,0
41.0,79.3,0.09782608695652174,0.16304347826086957,0.11413043478260869,0
36.0,65.9,0.17777777777777778,0.09777777777777778,0.10666666666666667,0
60.0,75.045,0.13473113964687,0.14185393258426965,0.10995184590690207,0
81.0,85.93,0.141396933560477,0.1839863713798978,0.0817717206132879,0
34.0,77.85499999999999,0.12510155996100097,0.17571904452388692,0.08646815079623009,0
35.0,81.495,0.14360587002096437,0.1672183603663246,0.07754054948692485,1
0.0,0.0,0.0,0.0,0.0,0
14.0,69.045,0.10873983739837398,0.20257452574525744,0.09315718157181571,1
44.0,55.92,0.14583333333333334,0.09895833333333333,0.07291666666666667,0
88.0,80.41,0.1258741258741259,0.17482517482517482,0.05128205128205128,0
42.333333333333336,87.08999999999999,0.13680569126875555,0.13471774368662193,0.07774602088897574,1
55.0,76.56,0.13537117903930132,0.19213973799126638,0.048034934497816595,0
120.5,77.0225,0.14326543471593864,0.16263092645472105,0.08822948539816002,1
0.0,0.0,0.0,0.0,0.0,0
26.428571428571427,68.92285714285714,0.11415975380913966,0.19210907505221092,0.08423526184436554,1
36.0,67.62,0.14563106796116504,0.13592233009708737,0.07766990291262135,0
22.0,87.62,0.096,0.216,0.064,0
68.0,74.12,0.1400560224089636,0.15966386554621848,0.10644257703081232,0
61.666666666666664,76.53,0.14879867439933717,0.1401910646887863,0.06862013584776634,1
24.666666666666668,82.36333333333333,0.1806561996779388,0.11969940955448201,0.02623456790123457,1
16.166666666666668,78.94000000000001,0.1714962278910672,0.25502920797778295,0.06023898032981078,0
9.0,27.215,0.06172839506172839,0.4074074074074074,0.024691358024691357,1
32.0,94.25,0.16666666666666666,0.15384615384615385,0.057692307692307696,0
155.0,70.33,0.1,0.19324324324324324,0.0945945945945946,1
31.75,62.99,0.13102087520495587,0.16757196992506312,0.09013510570098113,0
37.0,68.1575,0.12052782243408959,0.22664799500220392,0.08539157480611556,1
16.0,78.93,0.11764705882352941,0.12941176470588237,0.03529411764705882,0
16.5,85.08,0.1295103092783505,0.15767673048600883,0.06802282768777614,1
50.5,81.205,0.14166750150270485,0.15105940693247846,0.10775646163093569,1
65.33333333333333,71.00666666666666,0.10366708507431034,0.1534376486636748,0.09267763697118718,1
26.0,73.85,0.12244897959183673,0.1836734693877551,0.10884353741496598,0
28.0,25.334999999999997,0.0693950177935943,0.41340450771055753,0.042704626334519574,1
71.6,74.85,0.07641370634533824,0.1792630189383302,0.10456463350555331,1
11.5,90.5,0.19767643488815675,0.11808565978845154,0.0980579157274146,1
18.0,67.52,0.06884615384615385,0.2353846153846154,0.05923076923076923,0
35.0,70.188,0.1622545735559434,0.18015802495254551,0.07940147094256682,1
34.5,74.375,0.13945965161749022,0.18755776750799857,0.059349448986846784,1
43.2,87.228,0.19040849482619762,0.12440302812798218,0.08169763391480014,1
2.0,93.14,0.07692307692307693,0.15384615384615385,0.07692307692307693,0
41.333333333333336,83.10000000000001,0.12751481810465162,0.1704328097632276,0.0862793687131657,1
63.666666666666664,69.28666666666668,0.11950046166606676,0.17080512475416934,0.09475844692405204,1
0.0,0.0,0.0,0.0,0.0,0
19.142857142857142,90.42428571428572,0.14992776567259283,0.15517126620081845,0.07994541979994778,1
136.0,-962.8,0.13035714285714287,0.1625,0.09821428571428571,0
18.0,71.24000000000001,0.12286794443467558,0.13583611746087568,0.09688763847371197,1
35.0,81.02,0.16824578073390348,0.13948388459044084,0.10518038399469104,1
30.666666666666668,88.36333333333334,0.16285412442605018,0.14417288518216592,0.08479259421834828,1
18.666666666666668,3.703333333333333,0.12754382847666432,0.12017294479981046,0.12092217484008529,0
45.07692307692308,82.42538461538462,0.1410950257766998,0.16670507332879353,0.08434040341552548,1
11.0,49.66,0.0844017094017094,0.3541666666666667,0.040331196581196584,1
72.33333333333333,82.55333333333333,0.15869662057595826,0.15701131028749807,0.0787220977069139,1
106.0,75.54,0.11879432624113476,0.16666666666666666,0.05851063829787234,0
40.5,73.32,0.10537297110625073,0.1855214688615172,0.06101070565212386,1
62.0,83.46,0.1346153846153846,0.17857142857142858,0.08516483516483517,0
107.0,77.47,0.12929623567921442,0.15384615384615385,0.0867430441898527,0
53.5,83.66,0.13478535353535354,0.17629419191919193,0.06849747474747475,1
28.0,81.43,0.13736263736263737,0.15934065934065933,0.07692307692307693,0
63.0,82.75,0.11286089238845144,0.17585301837270342,0.08661417322834646,0
159.0,75.54,0.1455260570304818,0.1927236971484759,0.0727630285152409,0
72.0,89.58,0.1684981684981685,0.1446886446886447,0.06593406593406594,0
10.0,78.22999999999999,0.09047619047619047,0.2011904761904762,0.047619047619047616,0
27.0,67.25,0.06481481481481481,0.2037037037037037,0.06481481481481481,0
28.0,75.13,0.11510791366906475,0.15827338129496402,0.10071942446043165,0
44.0,94.96000000000001,0.16355437665782493,0.13427055702917773,0.053837312113174184,1
58.0,80.445,0.14615992771628644,0.2036311271741586,0.044454483849107745,1
163.5,74.165,0.14535810502207816,0.17444513604612552,0.06674342243345044,1
1.0,-18.856666666666666,0.06060606060606061,0.6161616161616161,0.0,1
66.0,71.75,0.1258741258741259,0.18181818181818182,0.08741258741258741,0
100.25,75.015,0.10231034773717701,0.1776792538987661,0.09784140881701857,1
10.0,100.07,0.10344827586206896,0.1206896551724138,0.06896551724137931,0
49.0,67.18,0.15827416316475873,0.14582427667487802,0.10114476162874945,1
12.2,58.802,0.14085879553556943,0.22711166761651597,0.07198888052281925,1
36.0,88.55,0.1716035760765009,0.16511062072087365,0.06430713517795507,1
4.0,95.88,0.13333333333333333,0.2,0.06666666666666667,1
28.0,82.17,0.13636363636363635,0.13636363636363635,0.11363636363636363,0
59.333333333333336,85.26,0.13399794964992603,0.16071139639971987,0.07704984848896708,1
49.0,74.08,0.09465020576131687,0.205761316872428,0.09465020576131687,0
67.0,65.35,0.15286624203821655,0.12420382165605096,0.07006369426751592,0
34.5,86.25,0.14750100563153662,0.15476669348350763,0.09759654062751408,1
29.75,84.27,0.13969760145675547,0.15686448913333437,0.09063437955267603,0
1.0,-22.6,0.0,0.6666666666666666,0.0,1
34.166666666666664,82.75666666666667,0.1555390862367607,0.15873715109180225,0.07489138768208535,1
124.0,81.53,0.1969111969111969,0.16087516087516088,0.07850707850707851,0
26.0,78.89,0.09090909090909091,0.1322314049586777,0.09917355371900827,0
40.0,78.32333333333332,0.15441327705130356,0.1506450775455642,0.07129530423707299,1
49.0,66.88,0.13227513227513227,0.20634920634920634,0.06878306878306878,0
37.333333333333336,81.95666666666666,0.14631403537063914,0.16464011180992313,0.06039456001720153,1
89.0,86.23,0.16666666666666666,0.12885154061624648,0.05742296918767507,1
17.0,70.43,0.15942028985507245,0.08695652173913043,0.10144927536231885,0
73.0,96.18,0.2049934296977661,0.17871222076215507,0.06307490144546649,0
38.333333333333336,76.93666666666667,0.13461687647660356,0.1657362877610418,0.09039919493743676,1
66.0,69.31,0.15088757396449703,0.1804733727810651,0.08875739644970414,0
40.333333333333336,79.89666666666666,0.1503360666589532,0.18424146097934657,0.06982475275683822,1
27.0,76.35,0.16666666666666666,0.1736111111111111,0.0763888888888889,0
104.0,82.75,0.16807738814993953,0.14389359129383314,0.06408706166868199,0
21.0,53.65,0.1206060606060606,0.14727272727272728,0.09545454545454546,1
21.5,83.0,0.0925783397471138,0.18999450247388674,0.08202308960967564,0
13.5,82.24000000000001,0.1598997493734336,0.12518796992481201,0.08233082706766917,0
81.33333333333333,79.7,0.17961176947958815,0.1391983991464216,0.049111616897579514,1
27.8,78.71560000000001,0.06590870101239422,0.23267854939311092,0.07329071106573665,1
22.5,53.36,0.06265383754754979,0.2656075184605057,0.0595211456701723,0
17.0,66.75,0.22962962962962963,0.1111111111111111,0.1111111111111111,0
17.4,89.598,0.0978768580157712,0.2130738342699178,0.09489875334407423,1
1.0,-22.6,0.0,0.6666666666666666,0.0,0
19.0,83.66,0.14285714285714285,0.12857142857142856,0.1,0
18.0,80.10499999999999,0.12183634093746454,0.16394279877425944,0.08478038815117467,1
159.0,76.05,0.15924170616113745,0.16303317535545023,0.06445497630331753,0
63.0,94.66,0.16630196936542668,0.13566739606126915,0.06564551422319474,1
19.666666666666668,90.68666666666667,0.12615227909345558,0.16791443850267382,0.09309905780494017,1
18.0,52.85333333333333,0.12058991981672396,0.3188717067583047,0.044558991981672395,1
70.0,83.56,0.1396011396011396,0.1452991452991453,0.08831908831908832,0
7.5,87.315,0.13238238238238237,0.13738738738738737,0.10885885885885886,0
14.0,78.28,0.13333333333333333,0.08333333333333333,0.11666666666666667,0
160.0,76.35,0.08012820512820513,0.22863247863247863,0.07478632478632478,1
46.0,70.92285714285714,0.1349514150013826,0.22077330895689365,0.054590131681368836,1
45.0,68.91,0.12222222222222222,0.20555555555555555,0.07777777777777778,0
11.0,29.75666666666667,0.06439393939393939,0.37752525252525254,0.04545454545454545,0
83.0,82.65,0.18287037037037038,0.12268518518518519,0.05555555555555555,0
9.0,89.89,0.11842105263157894,0.17105263157894737,0.02631578947368421,0
0.0,129.68,0.0,0.0,0.5,0
83.0,83.88749999999999,0.10611726509738327,0.19454493193636713,0.0681959528362175,1
42.0,67.28,0.16161616161616163,0.15656565656565657,0.08080808080808081,0
42.0,90.9,0.11356466876971609,0.1608832807570978,0.06309148264984227,0
6.5,84.555,0.167601683029453,0.07012622720897616,0.09186535764375876,1
25.0,82.54,0.18181818181818182,0.15384615384615385,0.06293706293706294,0
95.5,34.61,0.07341867469879518,0.41239959839357426,0.03463855421686747,1
26.0,74.13499999999999,0.1716915422885572,0.16716417910447762,0.1063681592039801,0
80.0,94.45,0.21729957805907174,0.15822784810126583,0.07383966244725738,0
73.5,80.80000000000001,0.12144973621449737,0.15866517308665173,0.09685264146852642,1
17.714285714285715,72.49285714285712,0.10148357742602689,0.21379213354327856,0.08301174973250533,1
65.0,77.77,0.14244186046511628,0.18895348837209303,0.061046511627906974,0
11.0,92.93,0.1527777777777778,0.1527777777777778,0.09722222222222222,0
21.4,56.676,0.08996224620348044,0.30758950865542733,0.07769323937626883,1
16.0,74.19,0.10416666666666667,0.2708333333333333,0.020833333333333332,0
8.333333333333334,74.5977777777778,0.10658124659210005,0.16440107292081463,0.09547672586822603,0
26.333333333333332,45.07,0.09756856884903957,0.3403692288533981,0.04342953208181564,1
62.0,82.54,0.17936117936117937,0.14742014742014742,0.036855036855036855,0
43.666666666666664,75.04333333333334,0.10297244712232474,0.1869306889265466,0.04079917989916108,0
11.333333333333334,69.85666666666667,0.11420767812693801,0.17881931170408882,0.10032197500658392,1
42.5,77.605,0.13034018987341772,0.1918512658227848,0.04885284810126582,0
212.0,85.33500000000001,0.12743653250773992,0.1796346749226006,0.06177804239104549,0
7.0,77.74,0.15384615384615385,0.11538461538461539,0.07692307692307693,0
70.5,80.565,0.12836995286430405,0.1737536474050428,0.06722448063446143,0
33.0,75.81,0.15822784810126583,0.12025316455696203,0.10759493670886076,1
20.285714285714285,67.53571428571429,0.12928088037433938,0.21579580385256097,0.07610825416385404,1
108.0,75.0,0.14442013129102846,0.18161925601750548,0.08533916849015317,0
45.0,84.88,0.17424242424242425,0.125,0.09848484848484848,0
34.0,64.45,0.11470818864120085,0.21679548933945705,0.05862365109592621,0
150.5,79.48,0.13826214799271153,0.18580327717881084,0.06691098598219983,1
14.0,72.5,0.12048192771084337,0.1686746987951807,0.060240963855421686,0
22.75,92.7125,0.13835134821013484,0.1964544303717944,0.0832640956856438,1
43.5,66.88,0.07995391330575345,0.28886112644067347,0.06387331519446289,1
32.125,68.67125,0.09014906221529376,0.25330062742530124,0.0899785232360218,1
60.0,85.89,0.10367892976588629,0.2140468227424749,0.06688963210702341,0
11.440677966101696,88.99,0.13334333208816937,0.17082332729386798,0.08591455195983813,1
30.0,87.69,0.1347352996196296,0.1906372762985596,0.05311155453014903,0
52.0,78.52,0.18122977346278318,0.1650485436893204,0.06796116504854369,0
13.0,50.17,0.15714285714285714,0.12857142857142856,0.08571428571428572,1
8.0,89.79,0.14,0.08,0.08,0
31.0,89.18,0.1016949152542373,0.2245762711864407,0.05084745762711865,0
59.0,78.28,0.15142857142857144,0.13428571428571429,0.09714285714285714,0
65.0,70.73,0.11023622047244094,0.23228346456692914,0.07086614173228346,0
16.5,84.07249999999999,0.16210831700570505,0.1458378954647611,0.07577382152941854,1
21.0,82.54,0.14685314685314685,0.15384615384615385,0.0979020979020979,0
1.0,-22.6,0.0,0.6666666666666666,0.0,1
25.0,75.455,0.16917293233082706,0.1286549707602339,0.0797827903091061,1
42.666666666666664,-5.689999999999995,0.08044241907723539,0.20119311178420377,0.08525231489776088,1
132.0,76.35,0.15134529147982062,0.1491031390134529,0.07847533632286996,0
12.0,87.89,0.11708482676224612,0.1586021505376344,0.07616487455197132,1
71.0,74.42,0.13559322033898305,0.1384180790960452,0.08757062146892655,0
5.0,81.63,0.1,0.15,0.2,0
23.4,87.796,0.14151776500073715,0.1361607859518076,0.0583004897865579,1
85.0,81.93,0.12694877505567928,0.17371937639198218,0.08240534521158129,0
47.0,21.785,0.04611650485436893,0.438915857605178,0.0412621359223301,1
8.0,63.7,0.14634146341463414,0.12195121951219512,0.07317073170731707,0
3.5,14.120000000000001,0.05263157894736842,0.4649122807017544,0.05263157894736842,0
49.0,64.91,0.10294117647058823,0.18137254901960784,0.07352941176470588,0
192.5,86.825,0.15113164087927494,0.21289619948925942,0.058115517500375545,1
13.0,14.98,0.2222222222222222,0.12121212121212122,0.1111111111111111,0
6.0,63.86,0.10526315789473684,0.3157894736842105,0.0,0
53.0,54.73,0.13620071684587814,0.16129032258064516,0.1003584229390681,0
11.615384615384615,68.52076923076923,0.143295928196703,0.24158885003027672,0.051448573086140044,1
32.25,71.3625,0.12993121325203877,0.179507059544583,0.08656356776431823,1
16.0,87.45,0.16964285714285715,0.15178571428571427,0.08928571428571429,0
115.0,77.72,0.12208880950660238,0.1933749057908919,0.04671842575289854,1
35.666666666666664,90.11000000000001,0.12417094017094017,0.16174358974358974,0.09117948717948719,1
111.66666666666667,55.946666666666665,0.10928063533105552,0.22461292209191366,0.055293912436769586,1
51.0,85.73,0.1632047477744807,0.14540059347181009,0.10089020771513353,0
27.5,76.845,0.12134740259740259,0.14042207792207792,0.10775162337662339,1
18.75,-1.0175000000000018,0.03017241379310345,0.5379310344827586,0.01810344827586207,0
5.0,83.33,0.15151515151515152,0.12121212121212122,0.030303030303030304,0
85.0,82.65,0.10216110019646366,0.16699410609037327,0.09823182711198428,0
50.5,76.655,0.052885360786380974,0.19939377965208221,0.08266147787528295,0
0.0,0.0,0.0,0.0,0.0,0
56.0,82.34,0.04843304843304843,0.2222222222222222,0.07407407407407407,0
28.75,88.815,0.148730850121622,0.17531074784266917,0.08587997049961384,1
42.0,88.77000000000001,0.14382671862986823,0.13230069726132718,0.09101513825923274,1
83.2,79.42999999999999,0.15246780987602385,0.1835970802886143,0.06103863724440058,0
22.0,83.285,0.1442043581761582,0.15244460721479583,0.10350668375755356,1
9.0,89.45,0.1111111111111111,0.12962962962962962,0.12962962962962962,0
118.33333333333333,80.94,0.12623520329810423,0.19354250276119025,0.07346046649138786,0
81.5,76.19999999999999,0.13658513050610316,0.1319534906161046,0.10879529116611183,1
38.0,83.56,0.16129032258064516,0.1935483870967742,0.05241935483870968,0
136.5,78.13,0.11948510618523166,0.18787970320801772,0.06969964527471846,1
8.0,16.146666666666665,0.06561679790026247,0.49956255468066485,0.013123359580052493,1
32.333333333333336,85.99666666666667,0.14769848259461274,0.1979164353924754,0.06806163035764652,1
57.0,89.735,0.11089215002788622,0.1831935884922848,0.08756569529652353,1
39.0,68.5,0.11538461538461539,0.21153846153846154,0.07051282051282051,0
60.5,75.66,0.16316326100051984,0.16002557181631905,0.07968075491665653,1
17.0,86.625,0.1380952380952381,0.1464285714285714,0.09053884711779447,1
10.0,75.08500000000001,0.11655405405405406,0.17060810810810811,0.10304054054054054,1
41.5,71.88499999999999,0.11871460146429065,0.16077842243403784,0.08233181378643459,0
38.6,76.56199999999998,0.1424969282847314,0.16007454238613436,0.07973252094517166,0
44.5,72.92,0.1364938286186736,0.16625081202385875,0.10461820114569184,1
67.5,87.515,0.15701294445354744,0.19490173588688303,0.06807163304450078,1
151.0,69.99,0.17,0.145,0.066,0
4.0,89.08,0.0625,0.1875,0.0625,0
16.0,95.98,0.16853932584269662,0.12359550561797752,0.07865168539325842,0
131.0,56.26,0.10339256865912763,0.19709208400646203,0.0791599353796446,0
121.0,86.84,0.16326530612244897,0.14540816326530612,0.08673469387755102,0
115.0,72.7,0.12672176308539945,0.19559228650137742,0.08264462809917356,0
132.0,82.14,0.11168831168831168,0.17792207792207793,0.05974025974025974,0
32.0,73.815,0.11492456896551724,0.13590158045977013,0.06573275862068965,1
40.666666666666664,84.16666666666667,0.16931984409432863,0.14352875016534808,0.08430774377939326,1
58.833333333333336,82.05833333333334,0.1409924188698568,0.16840753266008104,0.07941282341485832,1
49.0,70.23,0.11940298507462686,0.16417910447761194,0.05970149253731343,0
28.4,77.882,0.14029063443632123,0.13771938788590368,0.10755150417302439,1
54.5,84.015,0.11411290322580644,0.15892631246046807,0.07762492093611639,1
8.75,92.205,0.14977395411605937,0.12430499325236166,0.11058704453441295,1
11.0,88.06,0.14705882352941177,0.11764705882352941,0.08823529411764706,0
29.5,87.23333333333333,0.14069416611670318,0.13831811919708553,0.116731498324955,1
31.0,76.62,0.1015625,0.1953125,0.046875,0
42.333333333333336,87.8,0.1333844385223659,0.1605468360079151,0.09225325441702337,1
25.0,65.39,0.14084507042253522,0.13380281690140844,0.1056338028169014,0
6.0,73.51,0.07142857142857142,0.17857142857142858,0.0,0
8.5,87.2975,0.1584336762528252,0.15214519523030162,0.11200510482425376,1
70.0,74.97,0.146484375,0.171875,0.091796875,0
31.5,76.965,0.08512544802867383,0.21565113500597372,0.048685782556750296,0
26.0,86.94,0.12571428571428572,0.15428571428571428,0.07428571428571429,0
10.5,35.96625,0.0735545276641167,0.4356037626756805,0.05529532111723892,1
51.142857142857146,44.77571428571429,0.08538027925569144,0.3596344552493424,0.057794640397334604,1
49.0,84.17,0.1141552511415525,0.1917808219178082,0.0821917808219178,1
156.0,64.305,0.09228779711836668,0.19362561655279753,0.0711069912223481,1
9.0,53.74,0.12158090117423519,0.22200322435098663,0.09170754480470442,1
21.0,96.58500000000001,0.15092618979766315,0.1943573667711599,0.055143915645483044,1
28.0,82.04,0.15025906735751296,0.11398963730569948,0.046632124352331605,0
26.5,73.575,0.15148830616583983,0.1772678951098512,0.12039333805811481,1
95.625,74.965,0.11225390706060256,0.1985251037182174,0.06697246847804109,1
50.0,76.23,0.15343357047488093,0.14987868914529404,0.12252931886570613,1
33.0,77.045,0.10235029810766438,0.19837840951640312,0.054149025029522735,1
15.9,76.15100000000001,0.14956670854472892,0.2195583957675223,0.0533146418597484,1
119.0,77.82499999999999,0.13038990732488304,0.1828660748390173,0.07552710496588005,0
38.0,60.04,0.12751677852348994,0.20134228187919462,0.0738255033557047,0
28.0,83.19,0.161050434843418,0.15183068261846314,0.06918371512064753,1
44.0,84.67333333333333,0.10717744193565726,0.16845806533223043,0.10323842410403992,1
30.0,77.47,0.2,0.15172413793103448,0.06206896551724138,0
55.0,75.34,0.12363636363636364,0.19272727272727272,0.07636363636363637,0
104.0,75.34,0.13397790055248618,0.13812154696132597,0.10359116022099447,0
58.0,77.33,0.10526315789473684,0.18421052631578946,0.10150375939849623,0
197.0,65.05,0.14997872343515586,0.13890038646374778,0.09075435225567896,1
38.5,78.45,0.16648241464417934,0.16783216783216784,0.09326151789387083,1
186.0,81.06,0.14340786430223593,0.17887432536622977,0.07093292212798766,0
83.5,85.66,0.15572906206065473,0.13119267590546965,0.08288980384280645,1
29.666666666666668,85.52333333333333,0.14784846096902834,0.1388041168183012,0.06783198414404089,1
4.0,105.25,0.175,0.1,0.08333333333333334,1
38.333333333333336,80.06,0.12260652157041012,0.1627291228562946,0.08207214898421533,1
44.8421052631579,77.38368421052631,0.142020536147202,0.14781350235277604,0.07498629332062161,0
39.5,-57.050000000000004,0.11790668348045397,0.19061430372905783,0.078292199603675,1
46.0,81.53,0.12340425531914893,0.1829787234042553,0.06808510638297872,0
9.0,82.97,0.1532395566922421,0.1170076726342711,0.05807757885763001,1
9.0,71.565,0.08596491228070174,0.17894736842105263,0.03333333333333333,1
68.0,84.78,0.12224938875305623,0.16136919315403422,0.08312958435207823,1
49.0,75.5,0.10232558139534884,0.16744186046511628,0.10232558139534884,0
16.5,15.655000000000001,0.07712729748127978,0.1798502382573179,0.09155888359428183,0
41.0,73.525,0.0937644730748179,0.1944339185718496,0.09018567639257294,1
59.0,85.28,0.150997150997151,0.1452991452991453,0.13105413105413105,0
4.0,81.63,0.11764705882352941,0.11764705882352941,0.11764705882352941,1
20.5,63.21666666666666,0.1113548951048951,0.2619442016317016,0.05985156047656048,1
159.0,82.95,0.13774403470715835,0.14859002169197397,0.07266811279826464,0
3.3333333333333335,90.7,0.1685185185185185,0.2851851851851852,0.11851851851851852,1
37.0,70.755,0.09878048780487805,0.25136298421807746,0.06883070301291248,0
111.0,56.96,0.11421911421911422,0.19347319347319347,0.08391608391608392,0
62.5,80.66499999999999,0.144621592936868,0.12371560863530866,0.08156541211322471,1
51.666666666666664,88.33999999999999,0.1738906441237583,0.14844448239546862,0.07966584123189024,1
39.0,74.265,0.12926121433488733,0.14907216274467816,0.09088161296916358,1
30.0,71.035,0.1231527093596059,0.2027002371829958,0.07151979565772669,0
28.5,90.58999999999999,0.1560184077235797,0.1367363248471703,0.06634808213119422,1
36.5,30.139999999999997,0.061342592592592594,0.4108796296296296,0.04282407407407408,1
23.0,87.35,0.16783216783216784,0.13286713286713286,0.055944055944055944,0
32.0,94.56,0.18055555555555555,0.14814814814814814,0.07407407407407407,0
9.75,79.62,0.1403668429943101,0.13181621177098152,0.08668785561877668,1
149.8,74.876,0.13265776009642635,0.16377189028128258,0.0697759406573739,1
6.0,92.42,0.14893617021276595,0.1702127659574468,0.0425531914893617,0
93.33333333333333,89.51666666666667,0.13193429996976547,0.18673278964351767,0.06632410529711556,1
1.0,-22.6,0.0,0.6666666666666666,0.0,0
46.0,75.03,0.1744186046511628,0.13178294573643412,0.06976744186046512,0
100.0,87.86,0.14365411436541142,0.1492329149232915,0.0697350069735007,0
122.5,62.41499999999999,0.12854888196599668,0.17226027195580865,0.08113770339267522,0
5.5,86.3,0.12784471218206156,0.2255689424364123,0.06760374832663989,0
33.0,80.62,0.16766467065868262,0.10778443113772455,0.11976047904191617,0
105.5,81.68,0.12336491698809324,0.21080741956349872,0.05754983110131525,1
1.0,-22.6,0.0,0.6666666666666666,0.0,1
52.0,66.98,0.11891891891891893,0.11891891891891893,0.12432432432432433,0
33.75,81.8075,0.15243632842184351,0.16202475836017205,0.06121766980260753,1
24.5,86.855,0.1747457627118644,0.17488700564971751,0.07403954802259888,1
3.5,85.60499999999999,0.15,0.13571428571428573,0.04523809523809524,1
48.4,85.599,0.1588226935470964,0.15185694082307633,0.07338270517005265,1
22.0,91.61,0.11414810355207705,0.14557495484647803,0.04136062612883805,1
51.0,84.37,0.15658362989323843,0.12811387900355872,0.07473309608540925,0
7.0,93.34,0.1774193548387097,0.12903225806451613,0.11290322580645161,0
115.0,82.54,0.1507607192254495,0.18118948824343015,0.04149377593360996,0
19.6,41.028000000000006,0.09902690745076437,0.3555520646834688,0.0503935838727448,0
48.0,76.86,0.13589978867756647,0.15420281392503615,0.10057974641307973,1
35.0,95.82499999999999,0.20289389067524116,0.10563937670046995,0.09886223101657185,1
29.0,89.485,0.15745614035087718,0.14396929824561405,0.08344298245614035,1
59.0,75.44,0.11920529801324503,0.2185430463576159,0.08940397350993377,0
1.0,-22.6,0.0,0.6666666666666666,0.0,0
2.0,81.29,0.2857142857142857,0.0,0.14285714285714285,0
33.0,53.01,0.12690355329949238,0.15228426395939088,0.09137055837563451,0
31.0,71.18,0.16587677725118483,0.13744075829383887,0.05687203791469194,0
58.0,79.39666666666666,0.14690206980499335,0.15855401542321437,0.09570392040744717,0
107.0,85.79,0.13495934959349593,0.16260162601626016,0.08455284552845528,0
22.0,67.35571428571428,0.08257845771808037,0.19532475416699116,0.08673642666053738,0
34.0,-72.155,0.08780598075308402,0.18595664061659023,0.08380158883937222,0
17.0,74.39,0.12745098039215685,0.19607843137254902,0.058823529411764705,0
61.90909090909091,81.25,0.15069510645131357,0.1709132744046194,0.06510570832587537,1
58.0,-12.76,0.11785714285714285,0.20714285714285716,0.05357142857142857,0
31.0,82.85,0.13333333333333333,0.17037037037037037,0.0962962962962963,0
18.0,54.93,0.031746031746031744,0.2698412698412698,0.047619047619047616,0
43.0,77.94,0.11467889908256881,0.22477064220183487,0.05045871559633028,0
2.5,-40.535,0.0,0.5913978494623655,0.0,0
118.0,81.37333333333333,0.14395840142739594,0.14119583049169726,0.08848078986440285,1
6.0,104.84,0.1320754716981132,0.11320754716981132,0.03773584905660377,0
52.0,51.59,0.03383458646616541,0.22556390977443608,0.08646616541353383,1
25.0,45.76,0.08536585365853659,0.2682926829268293,0.036585365853658534,0
0.0,0.0,0.0,0.0,0.0,0
59.0,69.82,0.11029411764705882,0.1875,0.06985294117647059,0
187.0,82.44,0.13222331047992164,0.17042115572967678,0.06366307541625857,0
38.111111111111114,52.46222222222221,0.08367402730197102,0.3426649233632783,0.04124740282720778,1
35.0,74.9,0.13548387096774195,0.2645161290322581,0.04516129032258064,0
55.5,87.92500000000001,0.13169039671185595,0.1684946749324432,0.07813316075118651,1
1.0,-22.6,0.0,0.6666666666666666,0.0,0
54.0,77.27,0.1556420233463035,0.17898832684824903,0.07782101167315175,0
18.0,25.794999999999998,0.060714285714285714,0.4369047619047619,0.02857142857142857,1
6.0,95.17,0.11764705882352941,0.17647058823529413,0.058823529411764705,0
16.571428571428573,90.11857142857146,0.13341335491714182,0.16449798866962495,0.08207918748839925,1
93.0,54.09,0.10837438423645321,0.17733990147783252,0.09113300492610837,1
59.0,83.36,0.13513513513513514,0.19932432432432431,0.06756756756756757,0
22.5,78.75999999999999,0.08449926362297497,0.16352172312223856,0.03847569955817379,1
59.0,84.27,0.17191977077363896,0.10601719197707736,0.11461318051575932,0
48.0,89.18,0.1299638989169675,0.13357400722021662,0.07581227436823104,1
66.0,92.73,0.1638655462184874,0.15966386554621848,0.0819327731092437,0
30.333333333333332,92.45666666666666,0.1796975546975547,0.14926916712631,0.07446221731936019,1
32.0,67.42,0.12345679012345678,0.16049382716049382,0.06790123456790123,0
122.5,61.245000000000005,0.11564730341959908,0.22765313721839509,0.0514972382548253,0
1.0,-22.6,0.0,0.6666666666666666,0.0,0
39.0,76.96000000000001,0.13955342902711323,0.19829877724614567,0.05369484316852738,1
12.0,89.765,0.15592203898050974,0.13624437781109444,0.09089205397301349,1
21.857142857142858,86.77285714285713,0.16364402594850816,0.17073063170270802,0.06614699815139245,1
62.0,6.22,0.13975155279503104,0.2111801242236025,0.07763975155279502,0
14.0,61.5,0.11864406779661017,0.22033898305084745,0.0,0
35.0,85.18,0.11801242236024845,0.19875776397515527,0.12422360248447205,0
145.5,72.545,0.14624813822107738,0.13792090885807085,0.08236444699660189,1
18.666666666666668,63.54,0.10296237068625129,0.25843007186290773,0.09107241569928137,1
54.25,73.935,0.13983550672901363,0.17394218043181953,0.0630527437650682,1
29.5,81.375,0.156820204717401,0.1421617712505563,0.0820260347129506,1
0.0,0.0,0.0,0.0,0.0,0
38.333333333333336,71.63000000000001,0.14264597191426462,0.19068736141906875,0.08450357230845036,1
18.0,56.96,0.18,0.16,0.08,0
403.0,77.16,0.15527195381343056,0.16013369796414464,0.08325736858097843,1
166.0,70.53,0.12688442211055276,0.17964824120603015,0.056532663316582916,0
13.8,70.602,0.09278187168636606,0.3787708546135512,0.0664781847366117,1
42.25,85.665,0.11829432337906914,0.1734674660824782,0.06506399169837426,1
60.0,83.15,0.12427745664739884,0.13872832369942195,0.09248554913294797,0
13.333333333333334,61.39833333333333,0.11282001000694286,0.2438449161679652,0.0963763053599714,0
183.0,81.63,0.1533678756476684,0.18652849740932642,0.06839378238341969,1
1.0,41.19,0.07142857142857142,0.42857142857142855,0.023809523809523808,1
70.66666666666667,83.16333333333334,0.16026931794230706,0.18156503919083966,0.07008424707175286,1
111.5,78.805,0.12246514170681735,0.17275739445435084,0.08800282034119997,1
56.5,78.77,0.03901429452900041,0.2482388934594817,0.07858134512546278,1
1.0,-22.6,0.0,0.6666666666666666,0.0,0
60.0,82.24,0.12974683544303797,0.14556962025316456,0.10443037974683544,0
185.0,80.11,0.14893617021276595,0.16651248843663274,0.060129509713228495,0
19.46153846153846,87.60692307692308,0.1289443674522487,0.19201810936158742,0.08478347808815695,1
23.5,87.975,0.10999138673557278,0.16421188630490957,0.11791559000861326,1
51.0,57.27,0.16727272727272727,0.11272727272727273,0.08727272727272728,1
46.0,-10.73,0.06550218340611354,0.1703056768558952,0.07860262008733625,1
106.0,93.64,0.15569823434991975,0.15890850722311398,0.06741573033707865,0
43.666666666666664,79.91333333333333,0.1761849770889182,0.1394020463001542,0.06036146025772931,1
10.666666666666666,87.06666666666666,0.1410989010989011,0.18007326007326008,0.09487179487179487,1
118.66666666666667,73.98333333333333,0.1294246948237621,0.1819386840333449,0.08289669731811265,0
66.33333333333333,70.35000000000001,0.13238722180297924,0.16662897598891002,0.0670793372518823,0
32.0,68.57,0.1076923076923077,0.19230769230769232,0.11538461538461539,0
81.0,95.11500000000001,0.1174532638676065,0.17771424423762439,0.07430198235398487,1
20.0,81.02,0.10655737704918032,0.1721311475409836,0.11475409836065574,0
18.0,80.765,0.1281362007168459,0.15875149342891276,0.11842891278375149,1
129.0,69.04,0.0992,0.1904,0.088,0
58.333333333333336,72.13333333333334,0.1577864740116396,0.17259933774834435,0.05364907351662319,1
165.0,65.35,0.10066225165562914,0.18675496688741722,0.07152317880794702,0
23.0,76.35,0.17857142857142858,0.16071428571428573,0.044642857142857144,0
16.0,89.765,0.10031085604973697,0.18699186991869918,0.07448589191774271,1
49.333333333333336,65.76666666666667,0.10935448547045218,0.21545726917913138,0.07898813961843956,0
77.0,74.32,0.09014675052410902,0.19916142557651992,0.09224318658280922,0
1.0,-22.6,0.0,0.6666666666666666,0.0,1
26.0,87.33,0.17894736842105263,0.181109022556391,0.07090225563909774,1
17.8,74.66600000000001,0.13337823302329177,0.1783312996600362,0.08934245882081307,1
24.5,84.99166666666667,0.11378224639694935,0.1671610236403752,0.07573972224810131,1
52.4,71.09200000000001,0.12469859420286566,0.17140462975269993,0.07536506001638317,0
6.0,28.415000000000003,0.0703125,0.4114583333333333,0.03125,1
25.333333333333332,90.24,0.13611913098351072,0.15412458455228173,0.06098626296939442,1
45.0,84.47,0.09745762711864407,0.1906779661016949,0.06779661016949153,0
14.5,92.67500000000001,0.18668300653594772,0.15379901960784315,0.0923202614379085,1
18.0,79.53705882352943,0.17170324647027063,0.15781253750783725,0.08285062801668017,0
36.7,84.804,0.141000281806891,0.1925131676925055,0.0561192702328871,0
0.0,127.65,0.0,0.0,0.4,1
0.0,0.0,0.0,0.0,0.0,0
27.333333333333332,87.74333333333334,0.17129381138809807,0.15469522931639892,0.07204631339775576,0
122.5,84.875,0.16653241768644256,0.13814908521367963,0.06942737646512108,1
28.0,77.61,0.12154696132596685,0.1712707182320442,0.08287292817679558,0
12.0,87.72,0.24390243902439024,0.0975609756097561,0.0975609756097561,0
111.0,51.86333333333334,0.10290564214087229,0.18626917965446418,0.09716684789174822,0
40.0,85.59,0.1642512077294686,0.1642512077294686,0.08695652173913043,0
53.0,82.68,0.17971014492753623,0.14492753623188406,0.08405797101449275,1
15.923076923076923,89.34538461538462,0.16315760626602238,0.14050857296289251,0.06688110254024858,1
16.703703703703702,72.95777777777779,0.12834626923739,0.19707649657583026,0.08348396841376182,1
98.0,92.63,0.14756671899529042,0.18053375196232338,0.06593406593406594,1
13.333333333333334,83.78333333333335,0.10910123296560675,0.15074086091282718,0.08079169370538612,1
11.0,90.54333333333334,0.15780844761807808,0.13138261514521313,0.09532535400396541,1
4.0,54.39,0.04487179487179487,0.28205128205128205,0.03205128205128205,0
30.0,91.765,0.15673341809705446,0.17063996609451154,0.07424772197499471,1
45.0,77.83333333333333,0.158071676868435,0.14601583163303863,0.08673297816065896,1
35.666666666666664,71.31,0.11440007786456434,0.2345037350658199,0.08065065576562766,1
86.0,74.63,0.11738148984198646,0.13544018058690746,0.0835214446952596,0
87.0,79.9,0.16037735849056603,0.14858490566037735,0.06839622641509434,0
18.833333333333332,90.75833333333333,0.15863620280661597,0.11900672561878799,0.055948743860964156,1
46.5,83.13499999999999,0.16265021528179424,0.14798213482424008,0.07904376325428958,1
10.25,25.4625,0.012666345999679333,0.46632996632996626,0.009579926246592914,0
31.0,89.06,0.17167880282093917,0.14217934751447736,0.07251591078493205,0
5.333333333333333,84.27,0.08514492753623189,0.2982336956521739,0.09375,0
41.0,78.18,0.1583710407239819,0.167420814479638,0.1493212669683258,0
0.0,0.0,0.0,0.0,0.0,0
121.0,80.62,0.07692307692307693,0.19055944055944055,0.06468531468531469,0
124.0,83.66,0.13443072702331962,0.19615912208504802,0.05761316872427984,0
94.0,78.99,0.14481360139365365,0.1560473591105448,0.08752032379369822,1
18.5,86.52000000000001,0.18792297776345473,0.11714469867869803,0.07653883338704479,1
42.0,76.25,0.1409090909090909,0.20454545454545456,0.06363636363636363,0
1.0,-22.6,0.0,0.6666666666666666,0.0,1
44.0,24.220000000000002,0.05737704918032787,0.4188134270101483,0.03395784543325527,0
15.0,63.36,0.14634146341463414,0.18292682926829268,0.0975609756097561,0
11.333333333333334,92.34666666666665,0.15267223910840932,0.1296289260385005,0.08221251266464032,1
9.0,5.870000000000003,0.027679566810001593,0.527536231884058,0.03615225354355789,1
1.0,-22.6,0.0,0.6666666666666666,0.0,0
37.0,78.08,0.12955465587044535,0.1659919028340081,0.10526315789473684,0
32.5,83.98500000000001,0.14744019673597136,0.14155302183471197,0.10105074893807288,1
9.5,80.36500000000001,0.12532299741602065,0.26744186046511625,0.046511627906976744,1
53.0,55.845,0.11862899005756149,0.19280481423338566,0.04853479853479853,1
16.666666666666668,91.73666666666666,0.13437472483658386,0.14073394719302812,0.10319003234849977,1
111.0,79.4,0.15008726003490402,0.16404886561954624,0.08027923211169284,0
31.428571428571427,84.05857142857143,0.15456619254077916,0.143675335585101,0.09890748309364887,1
34.0,92.32,0.1391304347826087,0.12608695652173912,0.09130434782608696,0
82.0,69.72,0.08977556109725686,0.19950124688279303,0.07481296758104738,0
23.0,73.47,0.125,0.14423076923076922,0.04807692307692308,0
112.0,71.75,0.09777777777777778,0.2222222222222222,0.05333333333333334,0
31.0,81.33,0.16981132075471697,0.15723270440251572,0.05660377358490566,0
32.0,80.03,0.11846743978416649,0.15377065350456542,0.09386013902859326,1
10.285714285714286,82.76142857142857,0.11716008371250397,0.19298723573754195,0.10694998985499371,1
40.0,75.44,0.09302325581395349,0.1937984496124031,0.09689922480620156,0
57.5,66.93,0.09879032258064516,0.18669354838709679,0.09327956989247312,0
102.0,71.75,0.11722488038277512,0.145933014354067,0.09090909090909091,0
12.25,61.747499999999995,0.1082669823196349,0.28774194161110794,0.057804057729267146,1
40.0,58.96,0.09659090909090909,0.19318181818181818,0.06818181818181818,0
15.5,28.785,0.05963302752293578,0.4388379204892966,0.05045871559633028,1
13.5,25.74,0.051587301587301584,0.4206349206349206,0.03968253968253968,1
14.333333333333334,81.99000000000001,0.14666001456903074,0.22039289537234183,0.05104548020415381,0
32.0,82.38,0.14537444933920704,0.14537444933920704,0.10572687224669604,0
27.0,62.31,0.08421052631578947,0.2,0.09473684210526316,0
80.0,-36.635000000000005,0.10855468365236234,0.18914371080539777,0.06161145221131431,1
65.0,84.91,0.19047619047619047,0.1693121693121693,0.05555555555555555,0
41.5,70.885,0.08460144927536231,0.20217391304347826,0.0773550724637681,1
16.5,73.97749999999999,0.10236062978650579,0.1866608907714029,0.07390151028965045,1
1.0,-22.6,0.0,0.6666666666666666,0.0,1
33.5,68.57,0.1046875,0.19385416666666666,0.07239583333333333,1
25.142857142857142,30.797142857142855,0.06940782973689012,0.38106659870238563,0.02916907373495189,1
264.0,82.54,0.08749266001174398,0.20551967116852612,0.08866705813270699,1
0.0,0.0,0.0,0.0,0.0,0
13.0,89.14,0.14285714285714285,0.17346938775510204,0.061224489795918366,1
19.142857142857142,70.7707142857143,0.11026034966011347,0.21055651810955608,0.08013819426544329,0
37.0,87.11,0.14492753623188406,0.2028985507246377,0.10144927536231885,0
9.0,21.970000000000002,0.09016393442622951,0.4234972677595628,0.040983606557377046,1
126.5,75.13499999999999,0.14399460188933874,0.14777327935222673,0.07768780926675664,1
137.0,66.67,0.16208393632416787,0.12735166425470332,0.07525325615050651,0
279.0,73.375,0.09139562292850957,0.23153907262344292,0.05612151875655226,1
33.0,75.45500000000001,0.08845811051693404,0.17862448009506832,0.09395424836601307,1
28.5,81.785,0.0979935000706514,0.2066200367387311,0.053447788610993356,0
58.0,78.69,0.12285714285714286,0.16285714285714287,0.054285714285714284,1
35.333333333333336,73.37,0.12489048904890492,0.18635739764452638,0.10794898537472795,1
30.0,76.82,0.11612903225806452,0.14193548387096774,0.07741935483870968,0
41.8,70.372,0.15025899101880938,0.16204583873884498,0.08334755742350979,1
69.66666666666667,38.36333333333334,0.08718701574096728,0.3299132751542832,0.05060761764945763,1
59.25,81.08,0.13234008473287145,0.16568921745556645,0.07634585315328003,1
100.33333333333333,69.75666666666666,0.16927664644851345,0.1396402563078737,0.0988122627219085,1
73.5,85.59,0.1758098223615465,0.12647252928559644,0.09991200571962822,0
25.2,83.296,0.15736364962871408,0.16789099948084524,0.0705615789111999,1
41.625,69.76875,0.10065236742083997,0.22320127791155525,0.09177967012703445,1
16.833333333333332,91.38666666666666,0.19279274005067373,0.12549352817164927,0.047826058918672774,1
27.666666666666668,72.125,0.14724274489804146,0.22861853341014923,0.04084763330400382,1
1.0,-22.6,0.0,0.6666666666666666,0.0,0
23.375,76.17875000000001,0.13824180683352397,0.1356648896604851,0.10893463899912692,1
74.0,65.62,0.10625,0.1875,0.0625,0
27.75,84.89000000000001,0.1499983652928169,0.17358940100083586,0.0601686481263455,1
23.0,87.05,0.14492753623188406,0.16666666666666666,0.08695652173913043,0
26.125,79.65125,0.13147161550733452,0.16219364389821395,0.08259751158010271,1
34.666666666666664,68.50433333333332,0.1349207646238171,0.15364666064219462,0.09869015226155223,1
189.0,68.3,0.12054507337526206,0.19916142557651992,0.07442348008385745,0
39.5,78.76,0.09151933010216852,0.20738616970441667,0.07689944706123285,0
38.0,94.05,0.14479638009049775,0.19457013574660634,0.06334841628959276,0
50.0,87.15,0.13031914893617022,0.1595744680851064,0.09308510638297872,0
129.0,62.72,0.12834224598930483,0.15508021390374332,0.09893048128342247,1
43.0,74.1,0.12648299826259618,0.20050881111938446,0.07326880119136261,1
10.0,49.5775,0.09829119850187265,0.3162008426966292,0.051954588014981276,1
27.666666666666668,91.91666666666667,0.1666801075268817,0.1864592933947773,0.1013594470046083,1
41.666666666666664,84.84333333333335,0.1582642109232735,0.13619397498323327,0.07051929709067545,1
21.6,76.906,0.11426104723574457,0.20219649504090492,0.08229823893226418,0
0.0,0.0,0.0,0.0,0.0,0
30.5,76.82499999999999,0.13299319727891157,0.14081632653061224,0.1034013605442177,1
1.0,67.42,0.0,0.75,0.0,0
106.5,84.895,0.1665995646234326,0.14040894299010406,0.08373085509290626,1
48.5,70.465,0.15145502645502645,0.16187169312169314,0.10003306878306878,1
150.0,68.6,0.1346444780635401,0.17095310136157338,0.06354009077155824,0
47.0,54.56,0.04929577464788732,0.2887323943661972,0.056338028169014086,0
45.5,76.64,0.10845783004873914,0.2127039627039627,0.07084392879847426,1
0.0,0.0,0.0,0.0,0.0,0
18.857142857142858,74.06428571428572,0.08098297482683495,0.17342914326785297,0.10671446008122613,1
19.0,45.96333333333334,0.09838350055741359,0.32982448617900123,0.05297573106937656,1
260.5,90.785,0.12403029362708973,0.14911417322834647,0.07345525774795392,0
1.0,-22.6,0.0,0.6666666666666666,0.0,1
1.0,-22.6,0.0,0.6666666666666666,0.0,0
32.666666666666664,80.36666666666667,0.14131425740121392,0.1775610058218754,0.0668314133531525,1
216.5,80.16,0.15627492553889646,0.16024450165749576,0.07766839988557389,1
45.0,75.44,0.11764705882352941,0.22268907563025211,0.0546218487394958,0
35.0,84.795,0.1264041929536485,0.1668053280405821,0.07812609665490791,1
21.0,62.17,0.06818181818181818,0.26136363636363635,0.07954545454545454,0
25.0,83.15,0.14705882352941177,0.125,0.09558823529411764,0
45.0,80.075,0.1616542047447614,0.16712821932982552,0.07271300655404782,1
45.0,80.41,0.1658291457286432,0.20603015075376885,0.06030150753768844,1
48.5,93.59,0.15666272422629607,0.1414547604967475,0.081785925487877,1
12.666666666666666,79.88,0.15588171341596,0.14552728854098718,0.08810611002391823,1
79.0,62.95,0.14318706697459585,0.14780600461893764,0.08083140877598152,0
26.0,82.85,0.12429378531073447,0.1638418079096045,0.07909604519774012,0
25.5,86.185,0.16773504273504275,0.1485042735042735,0.07158119658119658,1
36.1764705882353,81.38235294117649,0.14910343715688434,0.14790460253192056,0.0929310297811708,1
63.75,67.3175,0.12698861659191502,0.16416202808915736,0.10354548640144123,1
26.0,70.73,0.18181818181818182,0.18181818181818182,0.030303030303030304,0
16.5,75.15,0.18145896656534954,0.135258358662614,0.09072948328267477,1
14.333333333333334,85.91666666666667,0.13314514231945426,0.12341073808963716,0.09899071366961276,1
20.666666666666668,45.57666666666666,0.0873075741066689,0.3640143789754049,0.05657530802112145,1
28.0,-14.284999999999998,0.09808901790033865,0.2194000967585873,0.12989840348330914,1
172.0,81.63,0.16717791411042945,0.15030674846625766,0.06825153374233128,0
77.0,84.07,0.1331521739130435,0.17119565217391305,0.07065217391304347,0
21.75,76.7325,0.12592464029078007,0.17681132561006907,0.10378134902812958,1
159.0,79.9,0.12452849891776262,0.1830183663911497,0.059119590395301444,1
63.0,64.24,0.08333333333333333,0.19696969696969696,0.08712121212121213,0
19.3125,66.84458333333333,0.12788296343032982,0.20012747034103806,0.08314680742061198,1
25.0,76.52,0.145985401459854,0.1897810218978102,0.08029197080291971,0
84.5,80.21000000000001,0.11890866647213305,0.1961934166062671,0.07838606135338912,1
185.0,62.82,0.12438302073050346,0.16781836130306022,0.06811451135241856,0
41.666666666666664,86.83999999999999,0.15717439354184734,0.1862090922065233,0.08118987107846903,0
95.0,81.33,0.09621993127147767,0.23539518900343642,0.03951890034364261,0
28.0,75.64,0.10191082802547771,0.19745222929936307,0.050955414012738856,0
24.0,80.41,0.1,0.2230769230769231,0.06153846153846154,0
12.75,78.3425,0.15864275894961286,0.15791051789922567,0.09184750589159466,0
50.5,78.385,0.12016405389899365,0.20063264641577894,0.05297638430168551,0
174.0,82.135,0.18034113126137666,0.12415447538146926,0.08869300433717611,0
87.0,81.12,0.09192825112107623,0.1681614349775785,0.08744394618834081,0
90.0,42.45,0.10467706013363029,0.1915367483296214,0.066815144766147,0
47.0,86.5,0.1148936170212766,0.20851063829787234,0.07659574468085106,0
42.8,64.19200000000001,0.1279543432462828,0.19329252274497363,0.07805545373515141,1
92.66666666666667,82.27333333333333,0.1413839867206467,0.16342075995415478,0.07120772683632821,0
48.0,67.89,0.09722222222222222,0.1712962962962963,0.06481481481481481,0
109.44444444444444,74.94888888888889,0.13723435148257637,0.16463266539676868,0.0675839022262489,1
42.0,79.65,0.13099662162162162,0.1616554054054054,0.07221283783783784,1
24.0,-381.72,0.08861502347417842,0.3415623369848722,0.06514084507042255,0
66.66666666666667,88.98666666666668,0.1087277904750088,0.20437806142356943,0.08566714056177437,1
32.0,73.98,0.043010752688172046,0.27956989247311825,0.010752688172043012,0
39.0,80.005,0.12814927857935626,0.20144284128745837,0.09655937846836848,0
13.5,90.935,0.14256756756756755,0.2105855855855856,0.07905405405405405,0
18.0,103.22,0.06491228070175438,0.22894736842105262,0.08333333333333334,1
43.666666666666664,80.36666666666667,0.1432158143808761,0.16045444551480084,0.07993978182503884,1
11.333333333333334,35.79,0.07046367287331143,0.3426128757454059,0.046823658269441404,1
0.0,0.0,0.0,0.0,0.0,0
12.0,60.48,0.07575757575757576,0.2878787878787879,0.06060606060606061,0
42.0,85.59,0.13157894736842105,0.16165413533834586,0.09398496240601503,0
20.5,28.650000000000002,0.07882882882882883,0.4279279279279279,0.02927927927927928,1
152.0,78.28,0.14696485623003194,0.14802981895633652,0.07561235356762513,0
96.5,68.72500000000001,0.11122884335880726,0.19425899010736558,0.04836138590651226,1
32.0,74.83,0.13043478260869565,0.15527950310559005,0.13043478260869565,0
7.666666666666667,96.21333333333332,0.154775458570525,0.13876238667510013,0.0750685220324689,1
37.0,78.82,0.14423076923076922,0.20673076923076922,0.0625,0
39.0,54.885000000000005,0.1703032544378698,0.15865384615384615,0.10188609467455621,1
1.0,-22.6,0.0,0.6666666666666666,0.0,0
37.5,78.7875,0.10232856298141166,0.2262726538821553,0.0841687416939507,1
118.0,83.05,0.13992537313432835,0.16977611940298507,0.0708955223880597,0
6.0,81.09,0.16279069767441862,0.18604651162790697,0.023255813953488372,1
81.5,74.91,0.16844444444444445,0.1800888888888889,0.05226666666666667,1
22.0,84.635,0.1618957699731978,0.16867620714077408,0.06082336930105958,1
15.703703703703704,86.76703703703704,0.1345569974292362,0.1711898105922361,0.09835710436969596,1
11.0,86.33,0.10606060606060606,0.13636363636363635,0.06060606060606061,0
6.833333333333333,87.97333333333334,0.1414861947584083,0.2045481212587887,0.05292570744988037,1
15.0,84.51,0.16842105263157894,0.16842105263157894,0.031578947368421054,0
30.0,75.84,0.10843373493975904,0.1746987951807229,0.05421686746987952,0
16.0,85.39,0.1650485436893204,0.1553398058252427,0.04854368932038835,0
45.4,60.487999999999985,0.09740746007146409,0.18873131378642247,0.09005322123972796,1
4.0,102.03666666666668,0.20839345839345838,0.1259018759018759,0.04545454545454545,0
45.25,81.19,0.15070593913556596,0.1626767052645982,0.07827685998415033,1
44.0,78.75,0.13366336633663367,0.2079207920792079,0.09900990099009901,0
128.0,81.005,0.09408386752136752,0.21647059537684538,0.07883219211344211,1
26.0,85.89,0.06333333333333332,0.21095238095238095,0.10642857142857143,1
20.0,90.09,0.18085203430031016,0.16420361247947454,0.05427841634738186,1
90.0,70.53,0.1076555023923445,0.1722488038277512,0.09090909090909091,0
42.0,73.88,0.14809523809523809,0.1812807881773399,0.06433497536945813,1
77.0,60.28,0.1327683615819209,0.192090395480226,0.06497175141242938,0
180.0,77.57,0.16030534351145037,0.181509754028838,0.05004240882103478,1
62.5,71.345,0.13916236626041553,0.14110822384072028,0.08631311837401945,0
20.5,87.08,0.18770271522565102,0.11725048651654157,0.05025020850708924,1
13.5,43.69499999999999,0.10585616073916387,0.3367337492659081,0.041124318832393265,1
16.0,87.11,0.10948905109489052,0.2116788321167883,0.08029197080291971,0
38.25,78.00250000000001,0.11178993886230729,0.1880764885699096,0.0813320707070707,1
0.0,0.0,0.0,0.0,0.0,0
43.5,85.1425,0.13407800581780824,0.19886085343782295,0.06375248630664748,1
34.0,64.81,0.1015625,0.21875,0.0625,0
15.8125,85.83843750000001,0.13807541498792522,0.16359250313299645,0.09229068781542211,1
63.0,64.07,0.14106583072100312,0.16300940438871472,0.07210031347962383,0
37.0,87.5525,0.11986632711503846,0.19407369906725577,0.07654281214203895,1
40.0,81.97,0.15476190476190477,0.15476190476190477,0.06746031746031746,0
28.25,75.63,0.1553084927490927,0.14433718898880984,0.09409525300506257,1
44.0,67.69,0.1407766990291262,0.16990291262135923,0.10194174757281553,0
63.0,84.57,0.0521978021978022,0.21153846153846154,0.09615384615384616,1
6.0,96.18,0.043478260869565216,0.21739130434782608,0.043478260869565216,0
20.666666666666668,86.0,0.16330673121000222,0.132078961624827,0.07407372709108535,1
33.0,80.82,0.16883116883116883,0.14285714285714285,0.09956709956709957,1
97.0,76.285,0.1252094335220886,0.19253038111598908,0.06892748828232699,1
59.0,78.75666666666666,0.12043271563950109,0.16690510269969802,0.08607010934580138,1
12.5,79.275,0.13684210526315788,0.13421052631578947,0.1,0
15.0,24.065,0.0033333333333333335,0.4433333333333333,0.02,1
67.0,87.11,0.08262108262108261,0.20512820512820512,0.08831908831908832,0
46.875,82.14250000000001,0.14761548132942243,0.15720270233117564,0.070447727388865,1
65.0,80.5125,0.13575581721649138,0.17698492726582615,0.08026226790271734,1
45.333333333333336,82.67,0.10164797377131983,0.19203708589261392,0.0643622430572467,0
12.5,73.175,0.13942307692307693,0.20970695970695968,0.07806776556776557,0
96.0,51.81,0.13980208749215767,0.1835937945588319,0.08653396452404039,1
51.0,64.48,0.13284132841328414,0.17712177121771217,0.08118081180811808,0
151.0,84.07,0.12895927601809956,0.167420814479638,0.0746606334841629,1
56.0,79.57666666666667,0.12381291430036301,0.18353198128596224,0.08948055784158976,1
41.0,32.22,0.009433962264150943,0.3867924528301887,0.04716981132075472,0
27.0,76.82,0.11764705882352941,0.2426470588235294,0.09558823529411764,0
24.0,93.64,0.15178571428571427,0.21428571428571427,0.008928571428571428,0
23.75,71.4225,0.12992747909506708,0.12911559739009407,0.11085808591143742,0
16.0,71.0,0.16129032258064516,0.20967741935483872,0.0967741935483871,0
110.0,76.32,0.16057233704292528,0.14626391096979333,0.09062003179650238,0
26.0,77.66999999999999,0.16346541641459972,0.17115345835854,0.06634402097197015,1
31.0,73.51,0.13333333333333333,0.15757575757575756,0.09696969696969697,0
149.0,74.42,0.13630573248407643,0.1464968152866242,0.09554140127388536,0
112.0,76.96,0.12181818181818181,0.16727272727272727,0.08,0
18.0,96.38,0.13953488372093023,0.11627906976744186,0.10852713178294573,0
42.0,76.23500000000001,0.1576229024369677,0.14739860021924278,0.08788683700143352,1
23.22222222222222,72.30000000000001,0.11197998970239079,0.16309197956908617,0.07259296612737635,0
29.0,76.86,0.13274336283185842,0.14601769911504425,0.10176991150442478,0
43.0,84.07,0.1440677966101695,0.18220338983050846,0.09322033898305085,0
12.0,74.9,0.06976744186046512,0.11627906976744186,0.11627906976744186,0
14.0,76.465,0.14982578397212543,0.16855400696864112,0.036585365853658534,0
37.333333333333336,84.92333333333333,0.1595600377447511,0.15002007458217648,0.07360906962817791,1
10.0,60.99,0.2413793103448276,0.034482758620689655,0.20689655172413793,0
111.0,73.31,0.13787638668779714,0.17274167987321712,0.07131537242472266,0
13.5,85.69625,0.1600550030056196,0.12820510590433512,0.08990079454298232,1
33.666666666666664,76.86,0.11462617731543472,0.16658941875236036,0.097429647177304,0
49.0,78.79,0.15019762845849802,0.15810276679841898,0.07905138339920949,0
299.5,77.195,0.1627252619746909,0.17025907393306502,0.0636625693462417,1
25.0,67.49,0.14049586776859505,0.1487603305785124,0.09090909090909091,0
86.8,61.696000000000005,0.14613499195527577,0.15147201673021665,0.08548240817378841,1
27.0,86.94,0.14207650273224043,0.15846994535519127,0.08196721311475409,0
44.0,-7.69,0.08658008658008658,0.2683982683982684,0.03896103896103896,1
108.0,94.45,0.1404109589041096,0.17465753424657535,0.06678082191780822,0
27.333333333333332,84.73333333333333,0.13820371199681544,0.16456187490670252,0.07967756381549486,1
83.0,45.97,0.1375,0.2325,0.0625,0
17.5,89.7825,0.1049195284843619,0.16518124338527793,0.1151128152257217,1
44.333333333333336,81.02,0.13852103272758184,0.17294732659971954,0.07748626640314298,0
84.5,81.32499999999999,0.12477968460111316,0.17684369202226347,0.0695269016697588,1
82.0,75.44,0.11363636363636363,0.1717171717171717,0.06565656565656566,0
3.0,91.61,0.20588235294117646,0.08823529411764706,0.08823529411764706,0
5.0,81.49,0.22857142857142856,0.05714285714285714,0.11428571428571428,0
130.5,90.95,0.1992308907970289,0.15421034609914136,0.06369514829057578,1
45.5,83.575,0.1412270856715301,0.1432846988402544,0.08454919566030678,1
24.25,78.9925,0.11805696674117727,0.16201096370269302,0.08593878518690548,1
16.0,90.2,0.18234030905905907,0.17129238613613612,0.04972425550550551,1
15.666666666666666,47.346666666666664,0.06955736224028906,0.33880357322091736,0.05711131185385928,1
65.5,72.50999999999999,0.14341247951393052,0.18816704640844226,0.05982431946276531,1
49.0,83.59,0.1437125748502994,0.1377245508982036,0.11377245508982035,0
35.0,84.37,0.12391774891774893,0.18344155844155846,0.07900432900432901,1
29.5,90.175,0.15919531713100177,0.14196799051570835,0.08406194427978661,1
390.0,62.92,0.10639412997903563,0.20178197064989517,0.05712788259958071,0
35.0,87.92,0.14835164835164835,0.12087912087912088,0.11538461538461539,0
1.0,-22.6,0.0,0.6666666666666666,0.0,1
63.0,68.44,0.12852664576802508,0.15673981191222572,0.09404388714733543,0
8.0,87.35,0.1,0.11428571428571428,0.1,0
0.0,0.0,0.0,0.0,0.0,0
19.5,76.0,0.15744929228075294,0.14209105501240332,0.06529986867065518,1
11.5,68.36500000000001,0.15580286168521462,0.2551669316375199,0.04504504504504504,1
22.0,66.61,0.10738255033557047,0.20134228187919462,0.08053691275167785,0
18.5,78.27000000000001,0.14912830149284895,0.15674913874099594,0.08236767929846539,0
37.5,84.89500000000001,0.14017543859649123,0.14406015037593983,0.06508771929824561,1
50.0,39.28333333333333,0.15950981194510136,0.12687862954222737,0.10709148112743505,1
66.5,85.095,0.15792824507527525,0.1444086585274511,0.08510598457044416,1
58.0,75.03,0.12084592145015106,0.1691842900302115,0.09667673716012085,0
101.33333333333333,12.289999999999997,0.049347341610951924,0.49824896529767587,0.026743075453677174,1
35.5,77.805,0.08158584534731324,0.2080602883355177,0.08006459464519752,1
25.0,95.47,0.09883720930232558,0.18023255813953487,0.10465116279069768,0
36.333333333333336,82.87333333333333,0.15811861934856586,0.1630205801328796,0.04869551126235618,1
25.5,93.695,0.17460468660697276,0.15493427319489428,0.09581190067949451,1
1.0,-251.02,0.0,0.611111111111111,0.0,1
23.0,84.185,0.08583959899749373,0.181234335839599,0.11215538847117794,1
76.0,75.2,0.1491442542787286,0.16381418092909536,0.06601466992665037,0
29.666666666666668,72.61666666666667,0.12273946740858506,0.1955378435157847,0.08307348840437075,0
79.75,88.75500000000001,0.13789913130813286,0.15791752037651552,0.0788336432707052,1
54.0,87.18,0.1380457298195442,0.16534515608952666,0.08384616068983515,0
25.0,80.51,0.14184397163120568,0.1276595744680851,0.12056737588652482,0
18.0,76.82,0.11267605633802817,0.19718309859154928,0.056338028169014086,0
11.0,77.06,0.09523809523809523,0.11904761904761904,0.11904761904761904,0
195.0,72.97,0.036748329621380846,0.20935412026726058,0.08351893095768374,0
58.0,79.19,0.1,0.18857142857142858,0.06571428571428571,0
20.0,71.34,0.15789473684210525,0.14736842105263157,0.09473684210526316,0
10.0,26.569999999999997,0.0787037037037037,0.4305555555555555,0.023148148148148147,1
60.5,76.635,0.10963622291021671,0.17639318885448918,0.08517801857585139,1
188.0,69.48500000000001,0.1601293194379984,0.14415583730644277,0.08387462554322603,1
46.0,63.73,0.11242603550295859,0.21893491124260356,0.05917159763313609,0
19.6,78.07000000000001,0.13246656808835083,0.1825993967679195,0.08891440069564924,1
32.0,85.79,0.13368983957219252,0.12834224598930483,0.06417112299465241,0
144.0,78.28,0.13480662983425415,0.13701657458563535,0.0861878453038674,0
46.0,81.58666666666666,0.16783688290816987,0.17949421078350616,0.05413683779558647,1
53.44444444444444,74.58333333333334,0.13754704632434753,0.17276666832315155,0.06910029694733935,1
14.2,71.17,0.1085892791090077,0.19583237481399657,0.06113444774929525,0
4.0,96.18,0.1388888888888889,0.2222222222222222,0.1111111111111111,1
72.0,67.89,0.14912280701754385,0.19005847953216373,0.08187134502923976,0
19.857142857142858,88.99857142857142,0.12179168514774683,0.12178614683485209,0.1035822364097468,1
60.0,67.86,0.14772727272727273,0.19318181818181818,0.07575757575757576,0
4.4,-0.8140000000000015,0.03134328358208956,0.5751243781094526,0.007462686567164178,1
21.0,67.72,0.1346153846153846,0.11538461538461539,0.08653846153846154,0
18.0,81.02,0.16279069767441862,0.10852713178294573,0.13178294573643412,0
17.4,92.208,0.10330716383762965,0.17635898731890054,0.07479294999406122,1
84.0,75.44,0.12343096234309624,0.17154811715481172,0.05230125523012552,0
56.666666666666664,66.39333333333333,0.11315621644749058,0.2094564594382957,0.055928249093829964,1
15.0,78.25,0.15625,0.15625,0.109375,0
93.25,64.75999999999999,0.13569469444516594,0.21314707598633104,0.08467536904155418,1
45.02173913043478,80.94326086956521,0.13264487485012838,0.17153988175306228,0.08465846453484877,1
29.0,79.67,0.1693658536585366,0.13560975609756099,0.06282926829268293,1
48.8,80.92,0.13222481159707436,0.1663501839438579,0.0692159349288303,1
19.125,87.37625,0.1775726201585723,0.13748609581626964,0.06849662742761925,1
58.0,64.43333333333334,0.10148620220014792,0.1764453537894756,0.08278638702246507,0
0.0,0.0,0.0,0.0,0.0,0
42.0,57.98,0.10638297872340426,0.2553191489361702,0.0070921985815602835,0
18.0,73.37,0.14473684210526316,0.17105263157894737,0.05263157894736842,0
31.666666666666668,82.92666666666666,0.15164068908941755,0.21576155318567128,0.05697988912919183,1
35.0,88.53,0.07954545454545454,0.23863636363636365,0.03977272727272727,0
32.0,70.47,0.09836065573770492,0.23770491803278687,0.05737704918032787,0
19.0,93.24,0.14166666666666666,0.2,0.025,0
49.0,86.06,0.12641377513949248,0.1810523285304964,0.07465418203254595,0
84.0,73.31,0.11956521739130435,0.16304347826086957,0.07065217391304347,0
81.66666666666667,80.36666666666666,0.15879144367496525,0.15973098795014198,0.061156894458199385,1
55.0,88.30666666666667,0.1445230201419886,0.17903762542682555,0.06192667787708811,1
27.0,76.604,0.11401474228678743,0.14009467979625545,0.1052300414265021,0
131.0,86.27,0.17044702199596334,0.16621511306516512,0.07420584416419196,1
11.0,86.35,0.15055555555555555,0.2316666666666667,0.06777777777777777,1
17.0,85.88999999999999,0.12732139869499748,0.12648485862472814,0.10849924711393676,1
145.0,84.27,0.12855377008652658,0.1841779975278121,0.069221260815822,0
199.0,63.43,0.11974977658623771,0.2037533512064343,0.06613047363717604,0
37.0,87.42,0.1449814126394052,0.1524163568773234,0.09293680297397769,0
64.5,93.795,0.1853563049998515,0.11763410312503093,0.07324322184057096,1
25.333333333333332,75.92333333333333,0.07311865349840034,0.19771286378881317,0.09183134727438524,1
22.823529411764707,52.99294117647058,0.09261460439391433,0.3137690141470515,0.06961960157379776,1
34.0,78.48,0.12444444444444444,0.20444444444444446,0.057777777777777775,1
31.0,83.86,0.1506849315068493,0.136986301369863,0.0684931506849315,0
1.0,-22.6,0.0,0.6666666666666666,0.0,1
23.666666666666668,84.45,0.11050883021507256,0.1984056335341525,0.07747169191477636,1
34.5,86.5,0.12849462365591396,0.19201228878648233,0.042626728110599074,1
74.0,90.29,0.13562753036437247,0.19433198380566802,0.06882591093117409,0
19.8,72.178,0.1059829311938332,0.21591194226495974,0.07045326726053527,1
88.0,76.66,0.14912280701754385,0.17105263157894737,0.07894736842105263,0
99.8,84.546,0.13291666254177495,0.1598548931690125,0.07195726130178617,1
15.0,67.93,0.08196721311475409,0.19672131147540983,0.11475409836065574,0
16.333333333333332,89.83999999999999,0.14222811158502077,0.1429642819348397,0.09668447278700291,1
34.5,76.435,0.12161447058257566,0.19779188916149518,0.06285178236397748,1
107.0,84.07,0.12525667351129363,0.20123203285420946,0.061601642710472276,0
12.0,103.73,0.20967741935483872,0.13709677419354838,0.04032258064516129,0
40.5,89.61500000000001,0.13065853486212606,0.1710369088152305,0.0695209850126278,0
24.0,83.05,0.15384615384615385,0.2,0.046153846153846156,0
95.25,82.52375,0.12392789914253674,0.16007577738712675,0.09524111965399935,1
15.0,81.26,0.16279069767441862,0.13953488372093023,0.011627906976744186,0
86.0,29.465,0.0522466039707419,0.4320794148380355,0.034482758620689655,1
40.0,53.31,0.07741935483870968,0.23870967741935484,0.06451612903225806,0
51.5,54.78,0.17104598953213423,0.1541796186579523,0.07270384441669545,1
15.0,58.96,0.11764705882352941,0.17647058823529413,0.08823529411764706,0
24.5,85.81,0.1499439461883408,0.15075672645739913,0.09484304932735427,0
36.0,98.46,0.1110100592531349,0.43227688209085474,0.051954434798585275,0
48.0,64.44,0.145748987854251,0.2145748987854251,0.06477732793522267,0
64.0,75.81,0.11785714285714285,0.175,0.06428571428571428,0
122.0,94.405,0.17087192751322006,0.1400497125990368,0.07431821712542545,1
16.666666666666668,78.0,0.1771188138649569,0.15372114250094615,0.07306299487225153,1
29.0,29.465,0.06349206349206349,0.419047619047619,0.046031746031746035,1
18.0,78.365,0.14650222987013004,0.17038293224276466,0.08522486859068142,0
37.333333333333336,77.2,0.11059099774218513,0.1713403104102328,0.08828626786174976,1
0.75,5.550000000000001,0.0,0.5,0.0,1
0.0,0.0,0.0,0.0,0.0,0
91.0,78.72,0.12722612469925404,0.17819274340776922,0.06645125799470446,1
126.0,80.31,0.17214912280701755,0.1611842105263158,0.07894736842105263,0
72.0,83.05,0.16179775280898875,0.15730337078651685,0.08764044943820225,0
111.66666666666667,91.09333333333335,0.1576961608407255,0.15991144680444536,0.05505694601257518,1
83.0,66.98,0.13142857142857142,0.22,0.037142857142857144,0
38.75,40.025,0.06670275814907681,0.2793813160094218,0.12499050224147101,1
0.0,0.0,0.0,0.0,0.0,0
49.0,95.87666666666667,0.2540966859958537,0.132223657723162,0.04249616921551543,1
22.0,84.615,0.13558330760026702,0.14978957377503713,0.07102395215659904,1
36.0,52.19,0.06086956521739131,0.23478260869565218,0.11304347826086956,0
8.5,87.30000000000001,0.08682266009852216,0.17832512315270937,0.09618226600985222,1
204.5,72.24000000000001,0.15201521731328285,0.15884096164396205,0.09191323875492845,1
66.66666666666667,6.7066666666666634,0.02094240837696335,0.5268179173938337,0.01605584642233857,1
56.0,81.22,0.136986301369863,0.14726027397260275,0.04794520547945205,0
13.833333333333334,91.58,0.1473851735011422,0.16849044210123362,0.08901289658595228,1
31.0,81.345,0.19474358974358974,0.13948717948717948,0.08333333333333334,0
42.0,87.45,0.16901408450704225,0.13028169014084506,0.0528169014084507,0
92.0,73.49,0.13894761029411765,0.14630055147058824,0.10395220588235293,1
36.0,70.544,0.1232093339008529,0.165591151244562,0.10031833597038362,1
177.5,47.86,0.1146782163481574,0.1641788712270048,0.09206629159969043,1
37.5,65.275,0.15684052604698673,0.1483497191011236,0.10157048008171604,0
18.0,81.53,0.11451301832208294,0.12279009964641593,0.0981999357119897,1
66.33333333333333,86.66000000000001,0.15424380624412248,0.1388612222340875,0.07231905741551535,1
36.0,56.795,0.08948626045400239,0.24940262843488648,0.07837514934289128,0
34.0,57.2,0.07575757575757576,0.1893939393939394,0.11363636363636363,0
133.0,82.34,0.07712418300653595,0.20784313725490197,0.08888888888888889,0
82.5,79.6,0.1320148384592158,0.1515118837078894,0.0810464564551611,1
139.0,87.01,0.14849187935034802,0.14617169373549885,0.08120649651972157,0
54.0,66.0,0.14057507987220447,0.13099041533546327,0.06389776357827476,0
14.5,82.97,0.1385933806146572,0.18163908589440503,0.05437352245862884,1
25.5,91.19,0.13925290144857314,0.1526222392598792,0.07913937930883388,1
26.296296296296298,75.17185185185187,0.12484543131019457,0.2071237315945046,0.0735204650373873,1
35.0,73.005,0.12379370848477253,0.15446797844341398,0.0775786439403434,1
25.0,84.88,0.06201550387596899,0.23255813953488372,0.06976744186046512,0
34.333333333333336,66.02,0.09561237373737375,0.1765467171717172,0.1029040404040404,1
2.0,96.52,0.2631578947368421,0.15789473684210525,0.05263157894736842,0
186.0,71.75,0.12197392923649907,0.17690875232774675,0.08100558659217877,0
163.0,92.66,0.1846049046321526,0.164850136239782,0.07016348773841961,0
11.0,81.93,0.1276595744680851,0.19148936170212766,0.0851063829787234,0
47.0,93.08500000000001,0.14335183836912996,0.15084637786676375,0.08596650891882054,1
34.0,79.6,0.16666666666666666,0.1488095238095238,0.03571428571428571,0
2.2857142857142856,86.60285714285713,0.1441855120426549,0.15927713427713425,0.17281975853404422,1
42.666666666666664,89.55666666666667,0.15716655280059189,0.1329928276475858,0.07869172884814178,1
36.666666666666664,60.830000000000005,0.13790571692023976,0.16312010142923006,0.07739050253573075,1
100.0,77.37,0.14207650273224043,0.15482695810564662,0.07650273224043716,0
24.0,93.46333333333332,0.15601621979476993,0.12247127252092495,0.10043150328651818,1
37.0,81.7225,0.14091953263359386,0.1762971359618819,0.06477690605880383,1
32.0,72.125,0.13782649253731344,0.17318680037313433,0.09946361940298507,1
30.77777777777778,75.69111111111111,0.11880216153329289,0.1706370340878962,0.10420195995660968,1
8.5,79.44999999999999,0.15513794482207116,0.16313474610155937,0.07756897241103558,1
21.75,84.58999999999999,0.15582200862629952,0.12538142557467355,0.07300261290032788,0
181.0,72.54499999999999,0.12560490970370744,0.17398818406917405,0.07607525529453191,1
114.0,83.25,0.13286713286713286,0.20279720279720279,0.057692307692307696,0
17.333333333333332,83.82333333333334,0.14789521346615256,0.16552145864647613,0.053473901393855085,1
1.0,-22.6,0.0,0.6666666666666666,0.0,0
60.714285714285715,70.99714285714285,0.10697768231774982,0.17409548478317574,0.08688075382645166,0
53.5,72.97,0.12925339366515837,0.17871794871794872,0.08474358974358974,1
224.0,78.74000000000001,0.12252670718958411,0.17617941671324194,0.05669685131718788,1
77.0,81.43,0.14081145584725538,0.15513126491646778,0.09069212410501193,0
30.125,80.4425,0.11324901548474484,0.17395377866257286,0.09474082485057064,1
1.0,-22.6,0.0,0.6666666666666666,0.0,0
10.0,42.38,0.06666666666666667,0.26666666666666666,0.13333333333333333,0
9.0,62.14,0.0875,0.325,0.0625,0
159.0,54.63,0.11921182266009853,0.1724137931034483,0.11133004926108374,0
44.0,74.93,0.050505050505050504,0.20202020202020202,0.07575757575757576,0
42.0,81.3275,0.16827814089964963,0.15653331828163744,0.07542615237935553,1
14.0,87.92,0.05813953488372093,0.26744186046511625,0.05813953488372093,0
7.0,55.24,0.125,0.1875,0.125,0
115.0,86.13,0.1721556886227545,0.1497005988023952,0.07784431137724551,0
174.0,83.05,0.12550200803212852,0.1646586345381526,0.0783132530120482,0
58.0,84.725,0.17637280085300247,0.19408229535210586,0.08028885765521253,1
9.0,66.23,0.12903225806451613,0.1935483870967742,0.06451612903225806,0
86.5,73.135,0.12205094543375611,0.1722108116120016,0.09626908336333029,1
18.0,77.41600000000001,0.1256823432967388,0.1816197772957243,0.09121805174784284,1
191.0,67.59,0.1444866920152091,0.15874524714828897,0.08555133079847908,0
1.0,-22.6,0.0,0.6666666666666666,0.0,1
35.0,66.7425,0.14545009958742355,0.1949616893278865,0.06170469788427534,1
201.0,59.74,0.10740072202166065,0.16606498194945848,0.0740072202166065,0
35.5,84.34,0.11725389243843434,0.16149742571800757,0.06595434526394145,1
19.333333333333332,82.11666666666666,0.1494574380038623,0.1464368186044611,0.11315508485833103,1
26.666666666666668,82.80333333333334,0.13336419753086423,0.15181481481481482,0.061037037037037035,1
18.0,82.56333333333333,0.10500039939292276,0.17012141544851825,0.13371675053918045,1
66.71428571428571,76.96000000000001,0.11656399380961527,0.16762238599992899,0.1189426035727098,1
85.0,83.86,0.1211340206185567,0.17783505154639176,0.07731958762886598,1
69.0,62.31,0.11801242236024845,0.20186335403726707,0.08074534161490683,0
115.5,79.8,0.17187541961772368,0.13515535926601385,0.06562516021767631,1
18.0,12.32,0.033362093802514904,0.5113870925577078,0.026314774935581545,1
24.0,62.35,0.12389380530973451,0.1592920353982301,0.09734513274336283,0
13.08695652173913,79.5008695652174,0.1252980150448914,0.16965850743774075,0.08597998181035547,1
27.0,81.12,0.10434782608695652,0.21739130434782608,0.05217391304347826,0
51.666666666666664,84.68666666666667,0.18376078536938426,0.13600289872103727,0.0767653206562114,1
103.0,77.16,0.14731369150779897,0.17850953206239167,0.07105719237435008,0
9.5,62.21000000000001,0.14215686274509803,0.11185383244206773,0.12611408199643495,0
0.0,0.0,0.0,0.0,0.0,0
33.333333333333336,80.39999999999999,0.11304503760219202,0.15705053236795397,0.10443791482524638,1
44.0,61.43,0.07317073170731707,0.3240418118466899,0.04529616724738676,0
12.0,75.455,0.04477611940298507,0.1655359565807327,0.1657620985979195,0
23.0,87.01,0.13274336283185842,0.21238938053097345,0.017699115044247787,0
271.5,87.55,0.16294479508870008,0.14674847509494374,0.07509202906196118,1
7.5,91.715,0.12986111111111112,0.1826388888888889,0.07569444444444445,1
42.0,74.56,0.12167300380228137,0.1634980988593156,0.06844106463878327,0
24.0,83.66,0.05660377358490566,0.2358490566037736,0.09433962264150944,0
0.0,0.0,0.0,0.0,0.0,0
27.5,86.705,0.08993763576483779,0.19124448181627074,0.08144138462616496,0
0.0,123.59,0.0,0.36363636363636365,0.0,0
97.75,82.745,0.13370046082393414,0.15861073233712808,0.11410695681360411,1
18.5,102.845,0.14724965755893593,0.19234373873549132,0.05024872035181313,1
1.0,-22.600000000000005,0.0,0.6666666666666666,0.0,1
1.0,-22.6,0.0,0.6666666666666666,0.0,0
61.0,92.42,0.1274787535410765,0.19263456090651557,0.0679886685552408,0
7.0,52.19,0.0,0.391304347826087,0.13043478260869565,0
27.0,60.82,0.10191082802547771,0.17197452229299362,0.11464968152866242,0
54.5,80.65,0.1394541492810888,0.15676346593307156,0.08537644088234392,1
13.0,71.315,0.10815939278937381,0.18311195445920303,0.08222643896268185,1
13.0,77.57,0.08846438114730798,0.15869767089279285,0.16265847973165048,1
63.0,70.73,0.18435754189944134,0.15363128491620112,0.07262569832402235,0
51.333333333333336,88.88833333333334,0.1241224561844226,0.16026171680020943,0.08361608264562657,1
44.333333333333336,84.90333333333332,0.15445801985634589,0.16940876965097842,0.0691892408078401,1
100.5,79.75,0.14211231324059764,0.17476558475012882,0.06643850739677633,1
10.0,88.74,0.2037037037037037,0.16666666666666666,0.05555555555555555,0
13.222222222222221,33.29,0.17594434267590112,0.1466579537444912,0.05333756662442385,1
42.5,82.28999999999999,0.14712548160459318,0.16017602175719575,0.08361033466797613,1
10.0,92.93,0.14516129032258066,0.24193548387096775,0.016129032258064516,0
66.5,77.00999999999999,0.12873530661379406,0.20954212194829672,0.05774405455753706,1
37.25,78.7625,0.132490705166484,0.17111856774281511,0.04794109202966043,0
0.0,0.0,0.0,0.0,0.0,0
60.333333333333336,72.69999999999999,0.13114087970219002,0.16761542418912936,0.08376871781032914,1
48.5,76.13,0.11578242428752139,0.14537912047027307,0.08222337971575266,1
52.0,79.94,0.1718314365373189,0.16267882444353032,0.03464509346862288,0
23.0,82.65,0.17557251908396945,0.12213740458015267,0.06870229007633588,0
57.875,1.6025000000000018,0.13390382598453018,0.20644030994290996,0.05792819876944984,1
16.0,76.14500000000001,0.1457168089490727,0.1689726229025611,0.09081542537533117,0
104.0,69.31,0.12673267326732673,0.16237623762376238,0.08118811881188119,0
191.0,92.73,0.16375,0.1775,0.061875,0
7.0,68.44,0.15625,0.1875,0.0625,0
5.0,64.715,0.2184873949579832,0.09523809523809523,0.07703081232492998,1
15.5,21.139999999999997,0.059602649006622516,0.4227373068432671,0.029801324503311258,1
32.0,83.96,0.1780821917808219,0.1232876712328767,0.0547945205479452,0
11.272727272727273,88.63636363636364,0.11645731684484258,0.2546332619163577,0.07483578953697231,1
26.0,76.62,0.0975609756097561,0.17073170731707318,0.11382113821138211,0
60.0,79.805,0.15726950354609928,0.13948834853090172,0.0721884498480243,1
79.0,67.79,0.10311750599520383,0.1750599520383693,0.07913669064748201,0
39.5,72.07,0.1377519908171318,0.2051348733768563,0.08709376569337829,1
86.0,76.84,0.13664790494058787,0.14117573483427143,0.09483427141963727,0
45.130434782608695,78.72478260869566,0.13499867465262688,0.15816850792125603,0.0876019985126281,1
5.0,105.35,0.15714285714285714,0.12857142857142856,0.11428571428571428,0
66.0,75.71000000000001,0.12994120061817832,0.1434125374287646,0.08695245339515117,0
25.0,82.19,0.0967459324155194,0.16270337922403005,0.0760325406758448,1
42.0,76.11,0.1267605633802817,0.17370892018779344,0.12206572769953052,0
18.0,75.0,0.13846153846153847,0.18461538461538463,0.09230769230769231,0
40.5,84.775,0.11486955515705444,0.17336727020304277,0.09262740787875282,1
21.0,77.75333333333333,0.13668000348640832,0.15934999278440443,0.07482192012417553,1
116.0,84.47,0.11933534743202417,0.21299093655589124,0.05740181268882175,0
28.5,82.28999999999999,0.1783527552834288,0.11364309697807623,0.07725162946869445,1
5.5,-6.721666666666667,0.004166666666666667,0.5675925925925925,0.004166666666666667,0
175.5,79.19,0.14327772325809618,0.19234543670264967,0.07065750736015702,1
95.5,77.55,0.11457182089152348,0.19094326668676112,0.07281724103285442,1
41.0,81.6325,0.13372146768805607,0.16476508029940107,0.0953552335105862,1
7.5,78.85499999999999,0.0595393307257714,0.23859191655801826,0.021295089091699262,1
5.5,82.005,0.15435010482180295,0.1310272536687631,0.139937106918239,1
38.0,80.31,0.14285714285714285,0.1625615763546798,0.07881773399014778,0
48.0,67.52,0.1341991341991342,0.17316017316017315,0.06493506493506493,0
1.0,93.815,0.12698412698412698,0.10912698412698413,0.09126984126984126,1
0.0,0.0,0.0,0.0,0.0,0
46.666666666666664,84.06666666666666,0.16088459723248788,0.16329689161558517,0.07624624929462241,0
0.0,0.0,0.0,0.0,0.0,0
42.0,76.92666666666666,0.1048709259718434,0.22492216987629832,0.06839408215555005,1
18.0,77.37,0.16129032258064516,0.1827956989247312,0.07526881720430108,0
21.0,75.56222222222222,0.13593241838048517,0.19674708762198423,0.0506540247702747,1
15.0,89.68,0.10227272727272728,0.17045454545454544,0.022727272727272728,0
93.75,86.5875,0.1522862205009861,0.12909278372187707,0.08444497214145884,0
14.565217391304348,74.51217391304348,0.14663247689377015,0.17212633772590105,0.11774306650933415,0
62.0,54.19666666666666,0.09791666666666667,0.2263888888888889,0.05277777777777778,0
25.0,65.25,0.10377358490566038,0.16037735849056603,0.10377358490566038,0
165.0,69.72,0.13861386138613863,0.1905940594059406,0.043316831683168314,0
51.0,79.43,0.13253012048192772,0.15963855421686746,0.10240963855421686,0
1.0,-212.95000000000002,0.0,0.5333333333333333,0.0,0
68.0,61.835,0.13387371128546638,0.19472340228618146,0.07028420563732145,0
57.666666666666664,43.98,0.08394160583941607,0.33292781832927815,0.051094890510948905,1
129.0,67.38,0.1356354438141959,0.1630812273729643,0.06438312951803676,0
27.0,69.25,0.1875,0.15625,0.046875,0
28.142857142857142,84.28857142857143,0.14294395001847557,0.17893742805741622,0.08997909868492142,1
17.333333333333332,84.91000000000001,0.11548052122064785,0.18672294241784745,0.09411851405218906,1
89.75,81.435,0.13818672282694316,0.1587710122434792,0.07003404277008798,1
33.0,78.13,0.13960280373831774,0.17078790238836966,0.05120716510903427,0
17.0,90.39333333333333,0.15504241381201253,0.15436855936457317,0.07786235231093057,1
40.0,72.5,0.11504424778761062,0.1504424778761062,0.08849557522123894,0
10.090909090909092,57.233181818181826,0.09702866349497788,0.3071860402318575,0.05402024654559214,1
36.0,87.45,0.18828451882845187,0.14644351464435146,0.10460251046025104,0
1.0,-22.6,0.0,0.6666666666666666,0.0,0
33.5,92.97999999999999,0.1942823094508488,0.14258962011770998,0.04245099469818571,1
25.454545454545453,83.61,0.14733915235821948,0.17107659386475846,0.07954827336869322,1
66.0,74.63,0.158311345646438,0.15303430079155672,0.079155672823219,0
21.0,47.79,0.0392156862745098,0.19607843137254902,0.09803921568627451,0
111.0,70.11,0.13988808473926378,0.1745470667177914,0.07893980061349692,1
0.0,0.0,0.0,0.0,0.0,0
27.0,71.89,0.14285714285714285,0.16883116883116883,0.06493506493506493,0
57.0,84.83000000000001,0.15894736842105261,0.13905701754385963,0.10596491228070176,0
0.0,0.0,0.0,0.0,0.0,0
17.666666666666668,85.73111111111112,0.11891523092936443,0.17950023855184122,0.08090432463737325,1
54.5,81.58000000000001,0.17621592509735684,0.17277736349324715,0.04482558621261082,1
16.833333333333332,56.75833333333333,0.1047359892617591,0.29769707638136694,0.07420458677223656,1
34.5,89.865,0.2097075797143502,0.116758551761937,0.10789244607795725,1
27.25,91.4175,0.1618757050095836,0.1516280775832003,0.07847757064287414,1
76.5,75.15,0.12883221639324377,0.18609182157261123,0.08083664372138158,1
36.0,89.99,0.1557377049180328,0.15163934426229508,0.09016393442622951,1
68.0,81.63,0.13106796116504854,0.13592233009708737,0.0970873786407767,0
27.333333333333332,71.69333333333333,0.13544421175465465,0.1710631145007415,0.0661582221110868,1
32.0,85.16,0.11445960804824086,0.1797428682717194,0.10991296002559216,1
19.0,85.014,0.1586630321478465,0.11549504127110435,0.09377880734069358,1
37.5,85.90499999999999,0.1511592474146848,0.1413501421651264,0.0810171538394561,1
1.0,-22.6,0.0,0.6666666666666666,0.0,1
15.666666666666666,79.65666666666665,0.09888842861088099,0.19101077050538526,0.10974868820767746,1
51.0,58.43,0.09848626156826171,0.22158691441279862,0.07197072960757586,1
98.5,87.23,0.11474455769472758,0.18145526613816534,0.07343022524222978,0
12.0,83.41250000000001,0.09868273632318576,0.19725048480222934,0.061565671116232915,1
70.0,84.2,0.1297539149888143,0.16554809843400448,0.09172259507829977,1
0.0,0.0,0.0,0.0,0.0,0
10.25,68.93,0.13123522626947284,0.2646633725400849,0.05146716790552407,1
20.0,82.75,0.1487603305785124,0.1322314049586777,0.05785123966942149,0
17.5,88.35,0.19007823613086772,0.12357752489331436,0.06685633001422475,1
49.0,81.63,0.15845070422535212,0.1795774647887324,0.05985915492957746,0
65.0,71.75,0.12578616352201258,0.18553459119496854,0.07232704402515723,0
70.33333333333333,80.66,0.12054451658032221,0.1520383850307124,0.10315211926465125,1
11.88888888888889,74.20777777777778,0.12071409007621663,0.2128181062179178,0.07901718531232257,1
177.5,82.055,0.151073348964763,0.16116349205034092,0.06933146639933055,1
89.0,53.2225,0.09290986236896526,0.19112885973044286,0.04512764743635456,1
35.0,76.03,0.17646862036665328,0.15529238592265487,0.08085775458316607,1
20.0,72.7,0.1651376146788991,0.1743119266055046,0.08256880733944955,0
59.0,90.935,0.13005137642818804,0.18368990108120542,0.05777931140249981,1
113.0,74.225,0.1283781785925488,0.15839000591366056,0.09029420461265522,1
21.5,70.09,0.11621900826446281,0.21952479338842976,0.0774793388429752,1
42.0,79.72,0.09734133790737565,0.1913093196112064,0.07712978845054316,1
30.0,70.67,0.16216216216216217,0.16216216216216217,0.05405405405405406,0
11.0,89.85,0.21212121212121213,0.09090909090909091,0.06060606060606061,0
19.5,90.88499999999999,0.16898954703832753,0.1347083286501068,0.06356075081488141,1
34.4,84.966,0.11768941863748979,0.15605659044102166,0.0788485361184059,1
7.0,107.445,0.1568627450980392,0.10294117647058823,0.022058823529411766,1
21.0,68.48,0.1012652175813608,0.22321896924791818,0.05619303652219526,0
13.333333333333334,79.13666666666667,0.08301452137068575,0.19676427895605975,0.06330988522769344,0
6.0,84.85,0.0969079939668175,0.2039969834087481,0.06825037707390649,1
15.5,14.985,0.0625,0.4375,0.029166666666666667,1
160.0,93.34,0.18084153983885407,0.12802148612354522,0.08057296329453895,0
78.0,73.07,0.1385390428211587,0.16876574307304787,0.07052896725440806,0
37.5,91.24,0.11751760563380281,0.12147887323943662,0.08157276995305164,1
1.0,86.37,0.0,0.0,0.5,0
23.833333333333332,78.96666666666667,0.11260202209938656,0.18814909745820887,0.08619063019477176,1
1.0,-22.6,0.0,0.6666666666666666,0.0,0
31.4,62.55,0.12105471342126821,0.24067081102010826,0.07731118406581353,1
24.5,81.005,0.1318089041969639,0.17393800229621126,0.07312794999362163,1
32.666666666666664,88.62333333333333,0.1435611420450717,0.18571325749918835,0.06581008692136649,1
25.666666666666668,77.44666666666667,0.13075359080432003,0.17850801703052813,0.06735161196163099,1
7.0,78.75,0.14285714285714285,0.19047619047619047,0.047619047619047616,0
9.2,85.094,0.14408019701647073,0.16917729181582772,0.10860551114919144,1
48.0,84.32000000000001,0.09521429047156016,0.22557916209631093,0.062368102762667924,1
19.0,94.45,0.1590909090909091,0.15151515151515152,0.045454545454545456,0
45.0,88.06,0.14285714285714285,0.1492063492063492,0.06984126984126984,0
29.0,74.22,0.12345679012345678,0.17901234567901234,0.09259259259259259,1
69.0,79.14500000000001,0.12693107546048724,0.16319815805109922,0.08099376114081996,1
41.333333333333336,83.75,0.10529267613987196,0.3599640286308537,0.027526932826362482,1
185.0,60.995,0.10398285797297951,0.18958161832356785,0.05677449033945087,1
40.166666666666664,80.76166666666667,0.10236586831576051,0.18300933589904458,0.10398107345899386,0
103.0,72.76,0.1311787072243346,0.17300380228136883,0.06463878326996197,0
1.0,-22.6,0.0,0.6666666666666666,0.0,0
25.666666666666668,78.89999999999999,0.08316117734271702,0.2584038237052576,0.07020013340643373,1
21.0,33.22,0.0765625,0.4036458333333333,0.040625,1
78.0,88.65,0.14864491786683845,0.1803881194496848,0.06272143744535959,1
20.6,34.436,0.05799755799755799,0.38327228327228324,0.03742368742368742,1
10.0,95.17,0.15,0.13333333333333333,0.15,0
9.0,43.9,0.16666666666666666,0.20833333333333334,0.08333333333333333,0
18.0,71.75,0.15833333333333333,0.14166666666666666,0.050793650793650794,1
3.0,105.96,0.21428571428571427,0.17857142857142858,0.03571428571428571,0
33.0,85.32,0.12195121951219512,0.17073170731707318,0.06341463414634146,0
61.5,83.745,0.14781991460159785,0.15104192107236503,0.0729125641516492,1
93.66666666666667,82.03666666666668,0.13076287162256311,0.17808163778181343,0.09280766907570283,1
44.0,70.87,0.12264150943396226,0.1792452830188679,0.07547169811320754,0
125.0,71.85,0.1360655737704918,0.1885245901639344,0.060655737704918035,0
34.666666666666664,71.21999999999998,0.11299912311299731,0.1989855240974362,0.060210888901808035,1
62.0,82.24,0.11935483870967742,0.1870967741935484,0.05806451612903226,1
56.0,82.65,0.15476190476190477,0.15079365079365079,0.1111111111111111,0
34.0,88.03999999999999,0.1668309026409145,0.1435750886874261,0.09029693864144002,1
23.0,41.585,0.09450806589472788,0.2857285364671429,0.06401717548446126,1
1.0,-22.6,0.0,0.6666666666666666,0.0,0
18.666666666666668,81.68,0.16886837434818203,0.17215602327995816,0.0690825075740416,1
19.0,85.99,0.13402061855670103,0.14432989690721648,0.09278350515463918,0
39.333333333333336,90.69,0.13835597618572618,0.17941835236619086,0.07304181528664748,1
25.0,72.97,0.10975609756097561,0.24390243902439024,0.06097560975609756,0
30.5,76.58500000000001,0.037561853351327036,0.22941970310391363,0.08074673864147548,0
9.75,56.2325,0.11435615495210902,0.26519247514326794,0.07812405078670798,1
15.0,78.69800000000001,0.12232413952064643,0.14837679250484098,0.0746697868985292,1
12.75,88.55000000000001,0.18179368203974502,0.1573424115254824,0.1266214920250353,1
71.0,74.93,0.13677811550151975,0.2006079027355623,0.0668693009118541,0
36.0,60.75,0.1111111111111111,0.2222222222222222,0.07407407407407407,0
43.75,78.38999999999999,0.13861254720773347,0.15668389037919864,0.0746142223084302,1
30.333333333333332,66.76666666666667,0.1356663029393712,0.16476477073813908,0.07540890904544319,0
55.5,49.185,0.07233400402414486,0.2418079908019546,0.0770911181373958,0
39.0,78.59,0.16574585635359115,0.1712707182320442,0.04419889502762431,0
119.0,63.46,0.12336719883889695,0.16545718432510886,0.07692307692307693,1
39.0,79.09,0.15450643776824036,0.12446351931330472,0.11158798283261803,1
14.0,99.23,0.07,0.24,0.06,0
38.0,64.51,0.11188811188811189,0.17482517482517482,0.09090909090909091,1
33.0,66.59666666666668,0.12440388074619546,0.17818782899870886,0.10541871416387229,0
19.75,76.595,0.13492124353817236,0.1798706714782617,0.09524790074286504,1
47.25,82.1125,0.12917695284759853,0.15534829537135558,0.0820465330774609,1
16.5,60.782500000000006,0.09728717026378897,0.2634192645883293,0.058673061550759395,1
36.0,83.8,0.12653061224489795,0.19591836734693877,0.11020408163265306,0
11.0,86.5,0.15517241379310345,0.1724137931034483,0.034482758620689655,0
51.666666666666664,81.865,0.1282581101414523,0.20512585127658886,0.06390829546211281,1
114.0,66.57,0.11954459203036052,0.20113851992409867,0.07210626185958255,0
0.0,90.0,0.0,1.0,0.0,0
91.0,83.36,0.13202933985330073,0.17603911980440098,0.08312958435207823,0
