post_length,title_length,reddit_score,num_comments_to_post,comment_length,comment_score,num_comment,is_mh_sw
133.5,4.0,5.5,17.0,48.06666666666667,1.0666666666666667,15,1
0.0,0.0,0.0,0.0,0.0,0.0,0,1
165.0,6.25,4.25,6.5,41.75,1.5357142857142858,28,1
250.8,4.4,46.6,30.8,18.533333333333335,4.666666666666667,15,1
24.0,6.0,5.0,6.0,14.0,1.0,2,1
291.3333333333333,9.333333333333334,2.6666666666666665,2.3333333333333335,143.375,1.125,8,1
321.0,7.0,6.5,5.5,35.0,3.0,1,1
125.0,11.5,3.1666666666666665,4.0,43.78947368421053,1.631578947368421,19,1
117.38461538461539,11.153846153846153,4.769230769230769,4.538461538461538,30.487179487179485,1.564102564102564,78,1
627.0,17.0,6.5,11.5,88.77777777777777,2.0,9,1
145.5,10.0,10.5,9.5,51.25,1.5,8,1
129.5,9.0,13.0,13.0,48.12,1.64,25,1
64.0,42.666666666666664,4.666666666666667,3.3333333333333335,17.0,2.0,2,1
359.0,9.0,1.0,4.0,58.04545454545455,1.7272727272727273,22,1
635.0,5.0,4.5,2.0,52.0,1.0,1,1
189.0,4.0,3.0,3.5,44.0,1.25,4,1
214.0,10.5,1.5,4.5,105.81818181818181,1.1818181818181819,11,1
922.0,9.5,1.5,1.0,406.5,2.0,2,1
220.5,8.25,2.25,2.75,61.13333333333333,1.3333333333333333,15,1
129.0,27.0,2.2,4.4,63.411764705882355,2.235294117647059,17,1
906.0,9.0,14.0,3.5,0.0,0.0,0,1
213.0,1.5,3.0,4.5,50.0,1.0,1,1
125.5,13.0,2.0,1.5,0.0,0.0,0,1
184.0,6.5,3.0,10.5,28.692307692307693,1.5384615384615385,13,1
352.0,10.0,4.0,5.0,72.0,2.5,2,1
212.0,5.5,1.0,8.0,63.42857142857143,1.0,7,1
353.6666666666667,11.666666666666666,2.3333333333333335,5.0,43.666666666666664,1.0,6,1
493.0,14.5,4.5,1.5,0.0,0.0,0,1
319.0,23.5,7.5,4.0,52.0,1.0,1,1
515.6666666666666,11.666666666666666,2.0,0.6666666666666666,420.0,1.0,1,1
387.0,6.5,4.5,3.5,13.0,1.0,1,1
616.0,5.5,3.5,1.5,17.0,1.0,1,1
899.5,2.5,2.5,2.0,0.0,0.0,0,1
376.0,25.0,2.3333333333333335,0.6666666666666666,16.5,2.0,2,1
386.5,8.0,3.0,10.0,70.6923076923077,1.2307692307692308,13,1
290.3333333333333,13.333333333333334,2.6666666666666665,6.666666666666667,65.71428571428571,1.1428571428571428,7,1
0.0,0.0,0.0,0.0,107.4,1.64,25,1
179.5,8.5,2.0,1.5,39.5,2.0,4,1
55.0,6.4,2.6,5.6,47.166666666666664,4.916666666666667,12,1
133.0,4.0,1.5,0.5,27.714285714285715,1.4285714285714286,7,1
303.0,2.5,6.0,2.0,97.0,1.0,1,1
201.16666666666666,6.833333333333333,4.166666666666667,4.5,33.7,1.1,10,1
322.0,14.0,2.0,0.5,0.0,0.0,0,1
148.5,9.5,9.5,4.5,91.05263157894737,1.6842105263157894,19,1
250.4,4.466666666666667,8.2,8.266666666666667,95.28744939271255,1.7206477732793521,247,1
152.5,9.75,1.25,3.875,27.272727272727273,1.0909090909090908,11,1
74.66666666666667,9.0,1.0,1.3333333333333333,69.0,1.0,2,1
84.0,9.666666666666666,6.0,5.666666666666667,25.666666666666668,1.0,6,1
167.0,6.0,2.5,1.0,0.0,0.0,0,1
104.0,4.0,1.0,0.5,0.0,0.0,0,1
232.5,7.5,3.5,3.0,11.0,2.0,1,1
208.5,15.5,1.5,2.0,14.0,1.0,1,1
79.8,7.0,1.2,1.6,49.22222222222222,1.3333333333333333,9,1
46.0,8.0,1.5,9.0,55.125,1.3333333333333333,24,1
0.0,0.0,0.0,0.0,36.0,2.0,2,1
41.5,5.0,2.5,2.0,0.0,0.0,0,1
160.5,7.0,1.0,1.5,17.0,1.0,1,1
373.0,35.0,2.5,10.5,50.0,1.2857142857142858,7,1
496.0,4.5,7.0,6.0,28.5,1.5,2,1
191.0,7.0,28.0,21.0,46.0,2.0,12,1
50.0,5.6,2.8,5.2,34.73529411764706,1.8823529411764706,34,1
684.0,7.0,2.5,2.0,0.0,0.0,0,1
97.5,8.5,29.0,15.5,72.6842105263158,2.5789473684210527,19,1
160.5,5.0,2.5,1.5,0.0,0.0,0,1
274.5,17.0,3.5,2.5,94.0,2.1818181818181817,11,1
289.3333333333333,3.0,5.666666666666667,8.333333333333334,75.0,1.7272727272727273,11,1
468.0,25.0,3.0,12.5,307.0,1.1818181818181819,11,1
360.0,7.0,2.0,2.5,46.0,1.0,4,1
161.66666666666666,9.333333333333334,3.3333333333333335,3.0,35.0,12.8,5,1
308.5,4.5,2.5,3.0,131.66666666666666,1.0,3,1
109.0,7.4,3.2,6.2,26.041666666666668,1.5,24,1
151.0,4.0,6.0,2.6666666666666665,291.0,2.0,2,1
131.0,12.5,2.5,3.0,112.0,1.0,1,1
553.0,4.0,2.5,0.5,0.0,0.0,0,1
182.0,4.0,2.0,8.0,58.6,1.1,10,1
313.5,4.0,10.5,3.0,32.0,1.0,1,1
44.5,6.5,20.0,56.0,29.47222222222222,1.8472222222222223,72,1
34.0,6.0,1.6666666666666667,3.0,9.0,1.0,1,1
274.4,6.5,3.2,3.5,127.71428571428571,2.2857142857142856,7,1
10.5,9.0,16.0,3.5,109.33333333333333,1.0,3,1
190.0,17.0,1.75,3.5,57.0,3.0,1,1
168.2,4.4,4.8,6.0,105.16666666666667,1.1666666666666667,6,1
28.5,20.5,2.5,1.5,42.142857142857146,1.8571428571428572,7,1
263.6666666666667,9.666666666666666,3.6666666666666665,3.6666666666666665,31.142857142857142,3.2857142857142856,7,1
258.0,7.0,15.333333333333334,15.666666666666666,84.33333333333333,1.6666666666666667,15,1
514.0,10.25,10.0,4.375,140.8181818181818,1.6363636363636365,22,1
755.0,13.0,2.0,0.0,0.0,0.0,0,1
82.5,9.0,8.5,7.5,25.5,1.5,4,1
287.0,3.5,4.5,2.5,0.0,0.0,0,1
164.6,7.6,2.0,1.6,51.25,1.25,4,1
125.33333333333333,19.0,5.666666666666667,9.333333333333334,47.416666666666664,2.0,12,1
246.0,12.666666666666666,2.6666666666666665,3.6666666666666665,91.0,1.0,1,1
532.5,20.5,2.0,2.0,194.0,1.0,1,1
318.5,22.0,1.5,3.0,103.0,1.0,1,1
208.33333333333334,4.0,10.666666666666666,14.0,36.38461538461539,3.3076923076923075,13,1
435.5,15.0,1.0,6.0,76.8,1.0,5,1
293.0,5.0,4.5,1.0,0.0,0.0,0,1
83.375,9.625,18.75,10.5,86.13636363636364,9.25,44,1
413.0,8.0,0.5,3.0,38.0,1.0,2,1
107.33333333333333,24.166666666666668,68.5,15.5,20.357142857142858,2.5714285714285716,28,1
548.5,30.5,1.0,2.5,158.0,1.0,3,1
512.6666666666666,14.666666666666666,2.3333333333333335,2.3333333333333335,136.0,1.0,1,1
256.5,6.0,2.0,1.5,75.85714285714286,1.0476190476190477,21,1
314.1666666666667,11.833333333333334,18.666666666666668,6.0,87.3913043478261,2.608695652173913,23,1
124.0,10.529411764705882,7.0,10.0,62.37951807228916,1.8795180722891567,166,1
230.14285714285714,10.285714285714286,19.285714285714285,14.285714285714286,50.08,2.6666666666666665,75,1
99.5,9.5,2.0,3.5,60.166666666666664,1.5,6,1
54.5,8.0,2.0,0.5,0.0,0.0,0,1
162.66666666666666,11.555555555555555,5.666666666666667,5.0,47.42857142857143,1.0,7,1
378.0,12.0,0.3333333333333333,7.666666666666667,55.8,0.5,10,1
553.5,6.0,8.0,5.0,90.6,1.4,5,1
216.0,10.0,2.0,5.0,68.16666666666667,1.0,6,1
566.0,5.0,0.0,1.0,190.0,5.0,1,1
201.0,6.0,1.0,3.0,113.0,7.0,1,1
367.5,13.5,14.5,12.0,36.6,1.8,5,1
325.0,11.0,4.0,1.0,66.0,3.0555555555555554,18,1
323.3333333333333,7.333333333333333,2.0,2.0,40.5,1.5,2,1
439.0,6.25,3.25,4.0,66.25,1.0,4,1
71.75,5.75,2.25,1.75,67.95,1.0,20,1
698.0,7.5,5.5,0.5,112.3103448275862,2.9655172413793105,29,1
386.3333333333333,5.666666666666667,3.6666666666666665,1.6666666666666667,0.0,0.0,0,1
86.83333333333333,10.166666666666666,4.0,5.333333333333333,53.0,3.0,10,1
152.0,8.5,4.5,2.0,0.0,0.0,0,1
119.0,4.5,3.0,3.5,19.4,1.4,5,1
212.5,3.0,1.5,4.0,109.8,1.8,5,1
171.125,6.0,5.75,6.0,54.4390243902439,3.3780487804878048,82,1
122.0,6.333333333333333,1.0,6.666666666666667,38.642857142857146,1.3571428571428572,14,1
520.0,7.5,2.5,1.5,21.0,1.0,1,1
66.0,8.0,31.0,14.0,18.375,3.0,8,1
146.0,5.5,2.0,2.0,24.0,1.0,1,1
1272.0,3.5,3.0,10.0,24.571428571428573,1.0,7,1
109.33333333333333,8.666666666666666,4.333333333333333,3.0,40.903225806451616,1.5161290322580645,31,1
171.66666666666666,9.166666666666666,4.5,1.8333333333333333,21.0,1.0,1,1
389.0,8.0,1.0,3.0,43.25,1.0,8,1
496.0,5.0,1.0,2.5,35.0,2.0,1,1
148.5,10.0,4.5,5.5,39.5,2.375,8,1
433.0,17.0,3.0,4.0,95.0,1.0,2,1
62.0,5.666666666666667,2.6666666666666665,1.6666666666666667,63.94117647058823,1.8823529411764706,17,1
0.0,0.0,0.0,0.0,0.0,0.0,0,1
154.5,2.0,1.0,1.0,0.0,0.0,0,1
150.75,7.25,7.0,3.0,65.25,1.875,16,1
592.5,7.0,3.0,1.5,17.0,1.0,1,1
294.5,6.0,6.5,5.0,78.0,1.0,2,1
306.3333333333333,4.666666666666667,2.3333333333333335,1.0,0.0,0.0,0,1
0.0,0.0,0.0,0.0,0.0,0.0,0,1
272.5,5.25,1.5,2.75,117.25,1.0,4,1
1302.0,7.333333333333333,9.333333333333334,4.0,38.2,4.2,5,1
271.6666666666667,9.5,3.6666666666666665,1.5,61.18181818181818,1.5454545454545454,11,1
123.0,9.333333333333334,2.0,0.6666666666666666,41.0,1.0,1,1
213.0,6.0,4.5,5.0,39.25,1.0,4,1
135.45454545454547,5.7272727272727275,3.272727272727273,4.909090909090909,46.80434782608695,1.434782608695652,46,1
304.0,9.5,2.0,3.0,73.9,1.3,10,1
50.0,5.333333333333333,3.6666666666666665,6.666666666666667,28.375,1.0,8,1
65.23529411764706,9.176470588235293,3.3529411764705883,6.0588235294117645,30.905405405405407,1.337837837837838,74,1
941.5,17.0,3.0,5.5,114.25,1.25,4,1
321.6666666666667,6.666666666666667,1.6666666666666667,3.0,61.5,2.0,2,1
349.0,6.5,22.5,10.0,53.55555555555556,1.6666666666666667,9,1
100.66666666666667,4.666666666666667,3.6666666666666665,10.0,19.384615384615383,1.0769230769230769,13,1
171.0,10.0,4.5,5.0,0.0,0.0,0,1
181.33333333333334,4.0,2.5,3.5,44.57142857142857,1.0,7,1
37.5,6.5,16.0,10.0,32.125,1.0,8,1
259.0,4.0,60.0,12.0,69.5,1.0,2,1
43.5,6.5,3.5,1.0,24.0,1.0,1,1
782.0,6.0,3.5,0.5,0.0,0.0,0,1
147.0,5.5,1.0,3.0,177.0,1.0,2,1
104.5,5.5,12.5,4.5,19.666666666666668,6.0,3,1
227.0,5.0,3.0,3.5,24.666666666666668,1.0,3,1
150.33333333333334,5.5,3.5,1.8333333333333333,132.5,26.0,2,1
59.0,3.5,1.75,1.0,7.0,3.0,1,1
161.6,5.2,1.2,1.8,65.5,1.5,8,1
132.5,6.0,2.5,0.5,0.0,0.0,0,1
341.0,7.0,1.0,3.0,243.0,1.0,2,1
109.5,6.0,8.0,2.5,83.5,1.0,2,1
68.0,10.0,7.5,6.0,40.0,1.5,4,1
263.0,10.0,27.0,28.0,96.57142857142857,1.8571428571428572,7,1
141.5,4.5,3.0,4.0,73.0,1.0,2,1
147.5,7.0,1.5,6.5,53.23076923076923,2.576923076923077,26,1
204.75,7.0,1.75,2.75,14.0,2.0,1,1
123.57142857142857,9.142857142857142,4.428571428571429,4.285714285714286,33.40909090909091,1.5454545454545454,22,1
98.5,17.0,1.5,6.5,32.714285714285715,2.0,7,1
383.0,13.5,4.0,2.6666666666666665,86.53333333333333,16.511111111111113,45,1
186.0,3.5,3.0,0.5,0.0,0.0,0,1
233.5,8.0,2.0,3.5,33.75,1.0,4,1
292.0,5.0,7.0,8.0,95.3,1.1,10,1
323.0,7.0,6.0,4.0,90.92857142857143,1.1428571428571428,14,1
52.666666666666664,3.3333333333333335,2.3333333333333335,2.0,20.0,1.0,1,1
88.5,14.5,1.5,0.5,0.0,0.0,0,1
123.33333333333333,8.666666666666666,3.6666666666666665,12.666666666666666,25.208333333333332,1.4583333333333333,24,1
320.0,11.0,2.6666666666666665,2.6666666666666665,65.0,1.5,4,1
163.57142857142858,8.571428571428571,3.2857142857142856,4.142857142857143,46.07142857142857,1.5714285714285714,14,1
158.0,9.0,1.3333333333333333,3.0,27.0,1.0,1,1
203.0,8.0,2.0,7.0,107.5,1.0,2,1
1422.0,15.5,3.5,4.0,77.5,2.0,2,1
113.5,9.5,3.0,4.5,25.666666666666668,1.8333333333333333,6,1
131.6,5.6,1.6,7.8,61.52910052910053,1.7248677248677249,189,1
60.0,4.0,4.5,3.5,7.5,1.0,2,1
167.66666666666666,9.333333333333334,5.666666666666667,4.333333333333333,2.0,1.0,1,1
202.0,8.0,2.0,1.5,0.0,0.0,0,1
262.0,11.0,6.0,6.5,113.0,1.4444444444444444,9,1
135.5,4.0,1.0,1.0,0.0,0.0,0,1
108.33333333333333,6.333333333333333,4.666666666666667,5.333333333333333,21.0,4.5,2,1
567.8333333333334,19.333333333333332,14.333333333333334,12.166666666666666,72.57142857142857,2.306122448979592,49,1
85.0,12.666666666666666,75.66666666666667,40.333333333333336,0.0,0.0,0,1
71.0,13.5,2.0,3.0,47.25,1.0,4,1
343.0,3.0,1.5,1.0,0.0,0.0,0,1
0.0,0.0,0.0,0.0,23.4,1.2,5,1
137.0,2.5,2.0,1.0,28.0,2.0,1,1
161.0,2.3333333333333335,1.0,3.0,80.66666666666667,1.6666666666666667,3,1
1773.0,17.0,4.0,6.5,101.85714285714286,1.0,7,1
46.75,7.25,4.25,7.25,17.1,1.4,20,1
92.0,50.0,53.0,11.5,71.0,7.0,1,1
917.5,5.0,1.0,0.5,0.0,0.0,0,1
179.0,8.5,4.0,6.0,49.333333333333336,1.3333333333333333,3,1
229.0,10.5,1.0,2.5,51.970588235294116,1.5588235294117647,34,1
93.66666666666667,9.0,1.6666666666666667,2.6666666666666665,25.0,3.2,5,1
373.0,9.25,2.25,3.5,56.5,1.5,6,1
248.0,3.5,4.5,1.0,0.0,0.0,0,1
440.0,7.0,5.5,5.0,73.125,1.125,8,1
78.0,4.5,1.0,8.5,40.125,1.5,8,1
541.5,7.5,4.0,2.0,122.0,1.0,1,1
491.0,11.0,3.5,3.0,0.0,0.0,0,1
130.5,6.0,2.0,1.5,130.0,1.0,1,1
162.66666666666666,8.833333333333334,4.333333333333333,10.5,41.61538461538461,1.1153846153846154,26,1
338.0,8.0,127.0,82.5,51.66779661016949,2.2,295,1
370.0,7.0,1.5,2.0,193.0,1.0,1,1
79.5,5.0,1.5,10.5,81.1,1.0,10,1
577.6666666666666,3.6666666666666665,3.3333333333333335,4.666666666666667,16.8,1.4,10,1
602.1818181818181,22.90909090909091,4.363636363636363,10.909090909090908,132.0943396226415,1.471698113207547,53,1
0.0,0.0,0.0,0.0,205.0,1.0,1,1
541.5,34.0,5.0,8.333333333333334,124.62962962962963,0.8518518518518519,27,1
202.0,4.75,3.5,3.0,103.58620689655173,1.3448275862068966,29,1
280.3333333333333,14.333333333333334,15.333333333333334,7.666666666666667,140.83333333333334,1.8333333333333333,6,1
99.0,3.0,5.0,9.5,63.5,1.0,6,1
178.5,9.5,1.5,6.5,150.71428571428572,1.1428571428571428,7,1
2930.5,7.166666666666667,1.5,1.3333333333333333,1198.0,1.0,1,1
244.5,11.0,1.25,2.25,13.0,1.0,1,1
380.0,3.0,1.0,8.0,413.2,1.6,5,1
94.76470588235294,8.647058823529411,9.058823529411764,5.764705882352941,33.679245283018865,1.9811320754716981,53,1
109.33333333333333,16.333333333333332,10.666666666666666,5.333333333333333,128.3125,1.0625,16,1
0.0,0.0,0.0,0.0,0.0,0.0,0,1
130.33333333333334,2.6666666666666665,6.0,4.333333333333333,13.0,1.0,1,1
348.0,13.5,2.5,2.0,57.5,1.5,2,1
376.0,12.5,4.5,5.0,71.8,1.4,5,1
256.0,6.0,33.5,38.0,37.45454545454545,1.8636363636363635,44,1
578.5,10.5,2.0,2.5,0.0,0.0,0,1
213.66666666666666,9.333333333333334,2.3333333333333335,2.6666666666666665,35.25,1.125,8,1
0.0,0.0,0.0,0.0,60.8,1.6,5,1
840.6666666666666,6.666666666666667,5.0,1.3333333333333333,4.0,2.0,1,1
86.5,4.0,1.0,2.5,6.0,1.0,1,1
0.0,0.0,0.0,0.0,9.75,3.25,4,1
261.0,6.25,7.5,9.0,68.6875,1.8125,16,1
78.5,5.0,4.0,4.0,111.5,3.0,2,1
235.0,8.8,2.0,66.4,34.675824175824175,1.032967032967033,182,1
312.54545454545456,15.909090909090908,8.363636363636363,5.545454545454546,110.38095238095238,1.9523809523809523,21,1
90.66666666666667,16.0,10.0,6.333333333333333,41.0,2.0,4,1
248.0,8.0,10.0,2.0,109.33333333333333,1.0,3,1
387.0,7.5,8.0,5.5,35.333333333333336,1.3333333333333333,3,1
158.0,7.333333333333333,3.6666666666666665,3.3333333333333335,170.8139534883721,2.0232558139534884,43,1
38.0,9.0,10.333333333333334,3.3333333333333335,35.68055555555556,2.736111111111111,72,1
444.25,3.5,22.5,10.25,111.3076923076923,2.6153846153846154,13,1
152.71428571428572,5.428571428571429,2.5714285714285716,1.8571428571428572,43.142857142857146,2.0,7,1
168.0,2.5,6.5,10.5,41.1,1.2,10,1
55.44444444444444,4.111111111111111,2.7777777777777777,10.666666666666666,35.08860759493671,1.0632911392405062,79,1
549.0,8.0,2.5,1.0,0.0,0.0,0,1
214.0,8.0,2.5,1.5,46.0,1.0,1,1
888.0,6.0,2.5,2.5,2.0,1.0,2,1
588.0,9.666666666666666,1.3333333333333333,6.666666666666667,29.666666666666668,1.1666666666666667,6,1
146.0,5.0,1.0,2.0,24.352941176470587,1.588235294117647,17,1
183.5,14.5,1.5,5.0,39.0,1.0,3,1
110.0,3.0,1.5,1.0,30.0,1.5666666666666667,30,1
527.0,4.0,3.0,7.0,45.57142857142857,1.1428571428571428,7,1
231.33333333333334,7.666666666666667,1.0,0.6666666666666666,87.0,2.0,1,1
377.0,5.0,2.5,1.0,5.0,1.0,1,1
742.5,9.5,1.5,4.0,151.25,1.75,4,1
218.0,4.5,4.5,2.0,112.0,1.0,1,1
384.6666666666667,3.3333333333333335,2.6666666666666665,5.0,61.625,1.375,8,1
99.0,9.75,1.5,4.5,48.916666666666664,2.8333333333333335,12,1
31.0,9.5,2.0,1.5,0.0,0.0,0,1
147.66666666666666,4.333333333333333,5.666666666666667,5.0,30.956521739130434,1.6521739130434783,23,1
84.0,3.6666666666666665,3.6666666666666665,2.6666666666666665,57.0,1.0,3,1
176.5,4.75,3.0,1.5,0.0,0.0,0,1
154.5,6.5,5.0,4.5,94.5,1.0,2,1
397.5,3.5,4.0,1.5,0.0,0.0,0,1
209.0,9.5,36.0,16.5,30.5,1.0,2,1
825.0,7.0,3.0,4.0,17.0,0.5,2,1
96.0,5.5,5.0,7.0,82.0,1.0,2,1
75.5,6.0,1.5,0.5,0.0,0.0,0,1
280.3333333333333,4.333333333333333,1.0,2.0,27.333333333333332,1.0,3,1
324.5,4.5,2.0,1.5,0.0,0.0,0,1
1217.3333333333333,7.0,3.6666666666666665,1.3333333333333333,79.0,2.5,8,1
295.0,6.0,1.0,3.5,26.0,1.3333333333333333,3,1
269.0,5.0,3.0,1.0,38.0,1.0,1,1
46.5,7.5,2.0,4.0,61.5,1.5,2,1
401.0,12.0,5.5,2.5,0.0,0.0,0,1
106.0,10.0,10.5,6.0,32.666666666666664,2.3333333333333335,3,1
188.0,13.0,6.0,4.0,99.0,1.6666666666666667,6,1
129.5,9.0,2.5,1.0,70.25,4.25,4,1
373.0,11.5,2.0,5.0,100.88888888888889,1.2222222222222223,9,1
223.0,6.333333333333333,1.6666666666666667,4.0,171.4,1.8,5,1
402.0,12.5,4.0,34.5,29.18421052631579,1.9736842105263157,38,1
346.0,3.0,2.5,4.0,74.52941176470588,1.1764705882352942,17,1
140.0,11.0,5.2,5.6,18.363636363636363,1.0909090909090908,11,1
191.5,6.0,6.5,9.0,32.0,1.375,8,1
259.0,9.0,3.0,5.5,27.875,1.5,8,1
322.5,11.75,3.25,3.25,277.9166666666667,1.6666666666666667,12,1
47.0,4.0,3.0,8.0,54.46666666666667,1.4666666666666666,15,1
148.0,5.0,6.5,4.0,182.66666666666666,2.0,3,1
791.0,6.0,0.0,3.0,248.0,1.0,1,1
239.33333333333334,11.666666666666666,9.0,5.666666666666667,0.0,0.0,0,1
539.0,6.5,10.5,6.0,11.0,1.0,2,1
167.66666666666666,5.0,2.3333333333333335,3.3333333333333335,26.377777777777776,1.8444444444444446,45,1
124.0,21.0,3.0,1.6666666666666667,14.0,1.0,1,1
346.0,3.5,2.5,2.0,0.0,0.0,0,1
104.5,8.5,3.0,6.0,23.22222222222222,1.0,9,1
634.0,6.5,1.5,2.0,41.5,1.0,2,1
502.0,15.5,21.0,13.5,67.6,2.1,10,1
147.66666666666666,1.0,1.6666666666666667,3.6666666666666665,19.0,1.25,4,1
194.8,5.0,39.8,19.4,52.4375,0.5625,16,1
943.0,20.0,1.0,2.0,81.0,1.0,2,1
105.0,3.5,7.0,3.5,21.333333333333332,1.6666666666666667,3,1
867.0,5.0,2.0,4.5,35.0,1.0,3,1
411.6666666666667,4.333333333333333,2.0,5.333333333333333,65.83333333333333,1.1666666666666667,6,1
343.5,5.5,6.0,3.0,177.0909090909091,1.7272727272727273,11,1
0.0,0.0,0.0,0.0,0.0,0.0,0,1
101.0,16.666666666666668,6.666666666666667,2.3333333333333335,137.6,1.2,5,1
204.0,15.5,4.0,11.5,12.0,1.6666666666666667,3,1
919.0,5.5,2.5,1.5,0.0,0.0,0,1
177.5,8.5,6.0,14.0,37.69230769230769,1.4615384615384615,13,1
457.0,17.0,3.0,8.0,309.1666666666667,0.5,6,1
70.75,2.75,1.75,4.25,23.166666666666668,1.0,6,1
73.5,4.5,3.0,4.0,43.28,1.76,25,1
104.66666666666667,6.333333333333333,1.6666666666666667,0.6666666666666666,299.0,1.0,1,1
457.3333333333333,13.333333333333334,2.3333333333333335,0.6666666666666666,116.5,1.75,4,1
152.0,5.5,2.0,3.0,52.5,1.0,2,1
318.5,2.5,3.0,4.0,85.5,1.0,2,1
224.5,4.5,2.0,1.5,56.0,1.0,1,1
123.5,19.5,4.75,2.0,0.0,0.0,0,1
333.3333333333333,2.3333333333333335,1.3333333333333333,1.0,34.666666666666664,1.6666666666666667,3,1
610.3333333333334,6.333333333333333,2.0,3.0,39.6,1.6,5,1
115.0,5.666666666666667,5.0,8.666666666666666,59.23809523809524,1.9047619047619047,21,1
0.0,0.0,0.0,0.0,0.0,0.0,0,1
108.0,6.5,1.0,8.0,39.888888888888886,1.1111111111111112,9,1
63.42857142857143,5.428571428571429,4.142857142857143,4.428571428571429,21.675,1.275,40,1
137.66666666666666,6.666666666666667,2.6666666666666665,6.0,55.6,1.0,10,1
80.2,6.0,2.8,4.8,39.44117647058823,1.1176470588235294,34,1
111.33333333333333,3.6666666666666665,0.6666666666666666,3.3333333333333335,25.0,1.0,4,1
71.5,2.5,1.0,2.5,10.0,1.0,2,1
119.66666666666667,3.6666666666666665,1.3333333333333333,4.333333333333333,43.6,1.0,5,1
132.0,7.0,5.5,3.5,82.33333333333333,1.6666666666666667,3,1
308.0,7.5,4.0,0.0,0.0,0.0,0,1
93.0,3.0,6.5,0.5,286.0,1.0,1,1
345.0,9.0,6.0,3.0,62.0,1.0,2,1
438.0,5.5,4.5,1.5,31.48780487804878,2.097560975609756,82,1
504.5,10.0,1.5,1.5,0.0,0.0,0,1
204.5,8.0,13.0,1.5,26.363636363636363,1.3636363636363635,11,1
129.0,13.0,0.5,2.5,38.0,1.5,6,1
138.2,3.933333333333333,6.666666666666667,4.666666666666667,22.627906976744185,1.5116279069767442,43,1
141.33333333333334,22.333333333333332,2.3333333333333335,10.333333333333334,23.058823529411764,1.0,17,1
84.5,6.0,2.0,2.0,48.0,1.0,2,1
298.0,5.5,1.5,10.5,63.81818181818182,1.2727272727272727,11,1
777.5,7.0,2.0,1.0,0.0,0.0,0,1
0.0,0.0,0.0,0.0,98.71428571428571,2.0,14,1
359.5,5.5,1.5,11.0,139.4,1.1,10,1
174.33333333333334,7.0,4.666666666666667,4.333333333333333,43.0,1.0,6,1
13.0,6.5,8.0,3.0,48.0,1.0,1,1
196.8181818181818,12.181818181818182,5.2727272727272725,3.727272727272727,32.5,1.3333333333333333,12,1
216.0,7.75,7.0,6.0,32.3,2.4,10,1
123.11111111111111,3.2222222222222223,7.222222222222222,6.0,40.94736842105263,1.4210526315789473,38,1
388.0,4.0,3.0,3.5,109.0,1.0,1,1
104.33333333333333,4.666666666666667,3.3333333333333335,8.666666666666666,39.54545454545455,1.5454545454545454,11,1
94.75,8.0,19.75,12.0,18.9,1.7,10,1
580.75,11.5,4.75,1.75,51.705882352941174,1.6176470588235294,34,1
105.0,11.0,5.5,5.0,111.5,1.5,2,1
52.666666666666664,3.6666666666666665,1.3333333333333333,5.0,51.0,1.3333333333333333,6,1
265.5,29.0,1.0,3.0,40.473684210526315,1.4736842105263157,19,1
261.6666666666667,6.666666666666667,2.3333333333333335,3.3333333333333335,91.25,1.0,4,1
370.0,8.333333333333334,6.666666666666667,3.6666666666666665,94.0,1.0,1,1
192.5,5.5,5.0,5.0,0.0,0.0,0,1
845.3333333333334,13.333333333333334,16.333333333333332,10.0,149.41176470588235,2.411764705882353,17,1
561.3333333333334,11.333333333333334,6.0,8.666666666666666,113.5,1.5,8,1
345.0,6.333333333333333,2.6666666666666665,1.3333333333333333,123.28571428571429,2.7142857142857144,42,1
134.6,7.0,3.2,1.8,14.0,1.0,2,1
405.0,13.0,1.0,4.0,473.5,1.25,4,1
110.8,11.8,13.4,4.8,40.2,1.0,5,1
109.22222222222223,4.222222222222222,3.4444444444444446,3.2222222222222223,80.63333333333334,1.9111111111111112,180,1
47.0,10.0,2.5,3.0,29.5,1.0,2,1
262.0,4.5,2.5,11.5,78.8,1.2,10,1
148.66666666666666,5.0,2.0,9.916666666666666,33.32876712328767,1.1095890410958904,73,1
117.5,2.0,155.0,59.5,29.54054054054054,2.27027027027027,37,1
229.0,12.444444444444445,4.666666666666667,5.444444444444445,64.0,1.5,20,1
112.33333333333333,6.0,7.166666666666667,3.6666666666666665,61.142857142857146,3.857142857142857,7,1
207.0,1.0,1.0,1.0,0.0,0.0,0,1
286.1666666666667,4.666666666666667,4.833333333333333,1.6666666666666667,93.625,2.375,8,1
153.0,7.0,1.5,2.0,16.0,1.0,1,1
335.0,13.5,1.5,1.5,91.0,1.0,1,1
24.0,9.333333333333334,3.3333333333333335,2.3333333333333335,17.647058823529413,1.1176470588235294,17,1
185.25,9.25,3.75,6.25,62.09090909090909,1.2727272727272727,11,1
225.16666666666666,5.833333333333333,7.333333333333333,5.666666666666667,67.73684210526316,1.7236842105263157,76,1
187.0,5.333333333333333,14.333333333333334,7.0,36.833333333333336,1.75,12,1
102.0,18.0,1.0,3.5,7.0,1.0,1,1
0.0,0.0,0.0,0.0,13.0,1.0,1,1
198.0,9.0,5.0,12.0,118.9090909090909,1.0909090909090908,11,1
275.5,6.0,4.0,2.5,65.28571428571429,1.4285714285714286,7,1
138.75,2.625,2.75,6.0,64.76119402985074,1.2835820895522387,67,1
164.0,4.333333333333333,3.0,7.0,29.88888888888889,1.0,9,1
562.25,3.75,3.75,2.75,99.8,3.1,10,1
89.66666666666667,5.666666666666667,12.0,3.0,0.0,0.0,0,1
142.6,4.0,3.2,1.6,52.470588235294116,1.588235294117647,17,1
131.23809523809524,6.666666666666667,7.666666666666667,5.0476190476190474,33.61764705882353,1.6176470588235294,34,1
172.5,13.0,1.5,3.0,18.0,1.5,2,1
481.5,16.5,3.0,17.0,83.8,1.2571428571428571,35,1
373.0,6.5,3.5,2.5,102.5,1.0,2,1
72.55555555555556,11.777777777777779,7.388888888888889,4.5,30.5,1.4444444444444444,36,1
283.0,4.5,5.0,4.5,46.5,1.0,2,1
259.5,4.0,2.0,2.5,55.6,2.7,10,1
105.62962962962963,8.37037037037037,3.4074074074074074,6.2592592592592595,15.58041958041958,1.5034965034965035,143,1
245.8,10.0,12.2,4.2,63.3,2.4,10,1
29.333333333333332,4.333333333333333,2.0,4.666666666666667,9.166666666666666,1.0,6,1
427.5,14.5,2.5,2.0,125.0,2.0,2,1
120.5,6.0,16.0,4.5,0.0,0.0,0,1
266.0,14.5,9.5,21.5,52.733333333333334,1.2,15,1
47.0,11.0,8.0,8.0,28.5,2.0,2,1
207.5,3.0,4.0,6.0,58.333333333333336,1.3333333333333333,3,1
128.33333333333334,10.333333333333334,5.333333333333333,5.333333333333333,347.2,1.2,5,1
40.0,9.0,13.5,17.5,57.6,1.2,5,1
639.0,7.5,5.0,11.0,101.8,1.9,10,1
514.0,15.5,5.0,6.5,119.0,1.2,5,1
494.6666666666667,46.666666666666664,35.0,46.333333333333336,92.56,2.52,50,1
0.0,0.0,0.0,0.0,0.0,0.0,0,1
131.5,8.5,5.0,4.0,41.0,1.0,1,1
319.25,5.25,4.75,7.25,184.66666666666666,1.1666666666666667,6,1
171.0,6.25,2.5,5.25,145.41666666666666,1.25,12,1
252.375,6.4375,2.9375,3.5625,107.8,1.811764705882353,85,1
73.33333333333333,12.333333333333334,5.333333333333333,5.666666666666667,47.2,1.3,20,1
458.0,13.5,1.5,1.5,31.666666666666668,1.0,3,1
47.0,2.5,0.5,1.5,6.0,1.0,1,1
221.0,7.5,2.0,0.5,0.0,0.0,0,1
188.33333333333334,7.0,1.6666666666666667,2.3333333333333335,162.5,0.5,2,1
323.0,9.0,3.0,3.0,71.0,1.0,2,1
427.6666666666667,6.333333333333333,3.6666666666666665,7.666666666666667,100.6774193548387,1.6451612903225807,31,1
310.6666666666667,3.6666666666666665,2.6666666666666665,5.666666666666667,140.67391304347825,1.2608695652173914,46,1
118.33333333333333,6.666666666666667,2.0,3.6666666666666665,4.666666666666667,1.3333333333333333,3,1
0.0,0.0,0.0,0.0,65.07142857142857,2.5714285714285716,14,1
15.0,9.0,2.5,4.0,35.0,15.0,1,1
196.33333333333334,6.666666666666667,4.666666666666667,2.6666666666666665,28.0,1.0,1,1
72.5,7.5,5.5,12.0,133.51111111111112,1.6,45,1
99.0,7.5,5.5,6.0,16.0,1.0,1,1
250.5,8.166666666666666,2.6666666666666665,5.0,84.17948717948718,2.641025641025641,39,1
296.7142857142857,6.0,2.142857142857143,7.714285714285714,49.42307692307692,2.0384615384615383,26,1
375.5,12.5,4.0,3.0,18.0,1.0,2,1
95.85714285714286,10.285714285714286,12.428571428571429,12.285714285714286,86.28,1.76,25,1
119.5,6.5,2.5,6.0,37.5,1.25,4,1
314.75,7.75,3.25,3.25,82.83333333333333,1.1666666666666667,6,1
149.75,4.75,2.0,2.25,50.0,1.0,1,1
142.5,7.5,2.5,7.0,59.0,1.1428571428571428,7,1
74.5,5.0,3.5,3.25,39.0,2.5,2,1
267.5,5.0,2.5,7.5,73.08791208791209,3.3516483516483517,91,1
270.5,6.0,2.5,7.5,141.0,1.0,7,1
452.0,1.0,4.0,0.0,29.0,1.5,2,1
672.0,9.0,3.0,5.5,119.5,1.0,2,1
271.0,12.5,12.0,2.0,182.0,1.6,5,1
104.0,13.5,3.5,7.0,162.4,1.2,5,1
360.0,14.0,1.0,1.5,39.0,2.0,1,1
72.0,1.0,0.5,4.0,31.166666666666668,1.0,6,1
351.5,15.0,0.5,5.5,49.5,1.0,2,1
275.0,18.0,3.0,3.0,88.08333333333333,2.25,12,0
310.0,1.0,3.0,0.0,0.0,0.0,0,0
274.0,3.0,2.0,3.0,131.33333333333334,1.3333333333333333,3,0
634.0,12.0,2.0,1.0,15.0,1.0,1,0
279.0,16.0,1.0,1.0,0.0,0.0,0,0
95.0,2.0,1.0,3.0,45.0,1.0,1,0
183.0,8.0,12.0,22.0,46.875,2.0,16,0
80.0,2.0,1.0,4.0,33.0,1.0,1,0
406.0,11.0,10.0,1.0,7.0,1.0,1,0
143.0,3.0,3.0,3.0,32.0,2.5,2,0
267.0,5.0,2.0,0.0,0.0,0.0,0,0
0.0,0.0,0.0,0.0,0.0,0.0,0,0
297.0,3.0,11.0,15.0,41.0,1.5,2,0
128.0,12.0,2.0,0.0,0.0,0.0,0,0
341.0,9.0,7.0,0.0,0.0,0.0,0,0
489.0,6.0,1.0,2.0,44.0,1.0,2,0
165.0,7.0,2.0,2.0,99.0,1.0,1,0
231.0,11.0,7.0,4.0,0.0,0.0,0,0
108.0,26.0,4.0,2.0,0.0,0.0,0,0
277.0,21.0,1.0,1.0,0.0,0.0,0,0
150.0,14.0,2.0,0.0,35.0,1.0,1,0
168.5,7.5,7.0,6.5,474.0,2.3333333333333335,3,0
126.0,4.0,3.0,4.0,54.0,1.0,1,0
123.0,5.0,1.0,1.0,0.0,0.0,0,0
114.0,5.0,1.0,1.0,31.0,2.0,2,0
1284.0,7.0,3.0,0.0,0.0,0.0,0,0
89.0,13.0,4.0,7.0,41.333333333333336,1.0,3,0
235.0,1.0,5.0,2.0,0.0,0.0,0,0
681.0,24.0,3.0,1.0,0.0,0.0,0,0
74.5,1.5,7.0,6.0,56.0,2.6666666666666665,3,0
63.0,5.0,11.0,16.0,27.0,1.4,5,0
724.0,12.0,1.0,0.0,0.0,0.0,0,0
192.0,3.0,2.0,0.0,52.8,6.4,5,0
117.5,19.5,0.5,2.5,33.0,2.75,4,0
330.0,6.0,1.0,5.0,175.5,1.0,2,0
268.0,10.0,2.0,4.0,42.0,1.0,1,0
46.0,5.0,5.0,2.0,0.0,0.0,0,0
96.0,9.0,2.0,0.0,35.5,1.0,2,0
843.0,15.0,2.0,3.0,75.0,1.0,1,0
205.0,13.0,4.0,3.0,27.0,1.5,2,0
717.0,4.0,3.0,2.0,0.0,0.0,0,0
1300.0,19.0,1.0,2.0,0.0,0.0,0,0
39.0,3.0,5.0,4.0,27.666666666666668,1.0,9,0
402.0,7.0,6.0,3.0,0.0,0.0,0,0
117.42857142857143,4.142857142857143,2.2857142857142856,2.857142857142857,39.13333333333333,2.1333333333333333,15,0
0.0,0.0,0.0,0.0,0.0,0.0,0,0
172.0,4.0,2.0,1.0,13.0,1.0,1,0
151.0,5.0,3.0,1.0,0.0,0.0,0,0
340.0,1.0,3.0,0.0,0.0,0.0,0,0
0.0,0.0,0.0,0.0,48.0,1.0,1,0
280.0,17.0,12.0,2.0,96.75,1.25,4,0
220.0,7.0,2.0,1.0,0.0,0.0,0,0
4.0,6.0,3.0,6.0,17.5,1.5,2,0
863.0,22.0,4.0,11.0,58.0,1.0,4,0
1567.0,24.0,2.0,0.0,0.0,0.0,0,0
838.0,5.0,3.0,0.0,0.0,0.0,0,0
246.66666666666666,10.666666666666666,2.0,4.0,61.0,1.0,5,0
199.0,5.0,2.0,9.0,78.25,1.0,4,0
0.0,0.0,0.0,0.0,0.0,0.0,0,0
341.0,13.0,8.0,3.0,0.0,0.0,0,0
227.0,12.0,3.0,2.0,114.0,1.0,1,0
955.0,20.0,16.0,40.0,146.21428571428572,1.3571428571428572,14,0
509.0,5.0,3.0,1.0,13.0,1.0,1,0
137.5,6.0,10.0,16.5,28.714285714285715,1.4285714285714286,7,0
73.0,5.0,10.0,7.0,0.0,0.0,0,0
111.0,8.0,1.0,0.0,0.0,0.0,0,0
717.5,6.0,1.5,1.5,49.0,1.0,1,0
207.0,6.0,1.0,1.0,0.0,0.0,0,0
268.0,5.0,1.0,1.0,0.0,0.0,0,0
426.0,14.0,4.0,7.0,412.0,1.0,1,0
249.0,6.0,2.0,0.0,83.0,1.0,1,0
91.0,2.0,1.0,1.0,72.0,2.0,1,0
0.0,0.0,0.0,0.0,42.0,1.0,1,0
1.0,6.0,1.0,6.0,55.333333333333336,1.0,3,0
225.0,7.0,5.0,4.0,0.0,0.0,0,0
480.3333333333333,18.0,3.3333333333333335,1.3333333333333333,92.0,1.3333333333333333,3,0
188.0,5.0,1.0,6.5,22.05263157894737,1.4210526315789473,19,0
273.0,7.0,1.0,1.0,0.0,0.0,0,0
169.0,10.0,0.5,1.0,5.5,1.0,2,0
147.0,6.0,1.0,1.0,0.0,0.0,0,0
837.0,2.0,3.0,0.0,150.5,2.0,2,0
1369.0,9.0,0.0,8.0,0.0,0.0,0,0
303.0,7.0,2.0,2.0,89.0,1.0,1,0
381.0,13.0,1.0,1.0,0.0,0.0,0,0
132.0,3.0,3.0,1.0,0.0,0.0,0,0
160.0,8.0,1.0,1.0,34.8,22.0,5,0
515.0,4.0,3.0,1.0,0.0,0.0,0,0
50.0,7.0,1.0,1.0,0.0,0.0,0,0
258.0,17.0,4.0,5.0,44.5,1.5,2,0
6.0,5.0,1.0,1.0,11.0,1.0,2,0
68.0,3.0,2.0,1.0,0.0,0.0,0,0
74.0,6.0,23.0,23.0,0.0,0.0,0,0
225.0,18.0,2.0,1.0,67.0,1.0,1,0
299.0,7.0,1.0,0.0,140.0,3.0,2,0
0.0,0.0,0.0,0.0,112.5,1.5,2,0
142.0,12.0,1.5,1.0,14.0,1.0,1,0
134.0,3.0,9.0,1.0,79.27272727272727,1.9090909090909092,11,0
53.0,8.0,2.0,2.0,12.0,2.0,1,0
0.0,0.0,0.0,0.0,74.66666666666667,1.3333333333333333,3,0
0.0,0.0,0.0,0.0,0.0,0.0,0,0
802.0,5.0,5.0,6.0,81.5,1.5,2,0
30.0,6.0,9.0,19.0,0.0,0.0,0,0
94.0,7.0,9.0,3.0,0.0,0.0,0,0
184.0,9.5,4.5,3.5,44.375,2.0,8,0
353.0,6.0,1.0,1.0,142.33333333333334,5.0,6,0
315.0,4.0,2.0,2.0,0.0,0.0,0,0
159.0,7.0,3.0,4.0,20.4,-0.2,5,0
411.0,9.0,2.0,5.0,176.75,1.25,4,0
217.0,15.0,6.0,5.0,42.5,1.0,2,0
469.0,3.0,8.0,7.0,124.66666666666667,1.0,6,0
0.0,0.0,0.0,0.0,0.0,0.0,0,0
293.0,24.0,5.0,23.0,0.0,0.0,0,0
973.0,8.0,1.0,2.0,5.0,1.0,1,0
102.4,9.6,8.4,8.8,50.375,1.0,8,0
38.0,6.0,3.0,1.0,83.0,1.5,2,0
135.0,6.0,1.0,1.0,72.75,2.5,4,0
269.0,5.0,1.0,1.0,0.0,0.0,0,0
150.0,10.0,150.0,40.0,45.0,5.222222222222222,9,0
310.0,15.0,3.0,3.0,62.92307692307692,1.9230769230769231,13,0
365.0,7.0,2.0,0.0,0.0,0.0,0,0
151.0,6.0,3.5,1.5,87.5,3.5,6,0
516.0,13.0,2.0,1.0,0.0,0.0,0,0
270.0,3.0,3.0,0.0,0.0,0.0,0,0
10.0,6.0,1.0,0.0,0.0,0.0,0,0
790.0,7.0,1.0,0.0,0.0,0.0,0,0
208.0,21.0,0.0,13.0,21.333333333333332,1.3333333333333333,3,0
1283.0,4.0,2.0,0.0,160.5,2.5,4,0
119.8,4.4,2.4,3.0,60.6,1.4,5,0
213.0,9.0,2.0,0.0,0.0,0.0,0,0
523.0,15.0,3.0,1.0,78.5,1.0,2,0
211.0,8.0,3.0,0.0,0.0,0.0,0,0
172.0,15.0,1.0,0.0,0.0,0.0,0,0
360.0,5.0,1.0,1.0,0.0,0.0,0,0
61.0,7.0,27.0,6.0,0.0,0.0,0,0
249.0,12.0,8.0,6.0,0.0,0.0,0,0
48.0,2.0,6.0,6.0,0.0,0.0,0,0
695.0,6.0,5.0,2.0,0.0,0.0,0,0
243.0,8.0,2.0,2.0,60.333333333333336,1.0,3,0
264.0,7.0,1.0,5.0,58.333333333333336,1.0,3,0
502.0,7.0,2.0,1.0,69.0,1.0,1,0
1060.0,13.0,5.0,2.0,0.0,0.0,0,0
0.0,0.0,0.0,0.0,0.0,0.0,0,0
309.0,5.0,1.0,1.0,11.0,1.0,1,0
1017.0,6.0,3.0,1.0,750.0,3.0,1,0
477.0,28.0,7.0,1.5,12.0,1.0,1,0
206.0,1.0,3.0,6.0,76.42857142857143,1.0,7,0
71.0,5.0,0.0,0.0,0.0,0.0,0,0
167.0,12.0,9.0,8.0,13.666666666666666,1.5,6,0
256.0,9.0,1.0,0.0,0.0,0.0,0,0
357.0,9.0,2.0,5.0,7.0,1.0,2,0
267.0,5.0,4.0,0.0,0.0,0.0,0,0
410.0,7.0,17.0,6.0,0.0,0.0,0,0
323.0,4.0,1.0,0.0,0.0,0.0,0,0
79.0,4.0,1.0,5.0,73.0,2.0,2,0
0.0,0.0,0.0,0.0,50.0,2.0,2,0
54.0,12.0,7.0,7.0,27.333333333333332,1.8333333333333333,6,0
124.0,6.0,7.0,13.0,78.0,1.5,4,0
345.0,14.0,2.0,1.0,6.0,1.0,1,0
79.5,8.0,11.5,11.5,154.53846153846155,2.423076923076923,26,0
1391.0,16.0,2.0,2.0,24.333333333333332,1.3333333333333333,3,0
323.0,6.0,2.0,0.0,0.0,0.0,0,0
73.0,11.0,16.0,15.0,87.33333333333333,4.333333333333333,3,0
0.0,0.0,0.0,0.0,0.0,0.0,0,0
248.0,11.0,2.0,4.0,0.0,0.0,0,0
201.0,16.0,2.0,2.0,90.0,1.0,1,0
166.0,18.0,0.0,1.0,0.0,0.0,0,0
328.0,2.0,6.0,6.0,62.5,1.0,2,0
0.0,0.0,0.0,0.0,0.0,0.0,0,0
100.5,10.5,1.5,1.5,0.0,0.0,0,0
45.0,7.0,1.0,3.0,15.0,1.0,1,0
332.0,10.0,7.0,5.0,0.0,0.0,0,0
51.0,7.0,1.0,4.0,0.0,0.0,0,0
1252.0,6.0,1.0,1.0,0.0,0.0,0,0
300.0,1.0,3.0,1.0,0.0,0.0,0,0
47.0,2.0,1.0,1.0,0.0,0.0,0,0
109.33333333333333,19.333333333333332,8.333333333333334,4.333333333333333,0.0,0.0,0,0
77.0,14.0,37.0,11.0,69.66666666666667,2.6666666666666665,3,0
9.0,2.0,2.0,3.0,0.0,0.0,0,0
130.0,6.0,2.0,4.0,0.0,0.0,0,0
96.0,7.0,6.0,1.0,106.66666666666667,1.9444444444444444,18,0
455.0,11.0,2.0,3.0,238.0,2.0,1,0
216.0,4.0,1.0,1.0,0.0,0.0,0,0
200.0,4.0,11.0,1.0,0.0,0.0,0,0
0.0,0.0,0.0,0.0,245.0,12.0,1,0
180.0,9.0,1.0,4.0,52.5,1.5,2,0
1071.0,16.0,2.0,16.0,69.66666666666667,1.0,6,0
237.5,6.833333333333333,1.5,2.0,48.0,1.6666666666666667,6,0
874.0,10.0,1.0,2.0,0.0,0.0,0,0
330.5,23.0,2.0,1.0,106.0,1.6666666666666667,3,0
740.0,11.0,2.0,5.0,259.2,1.2,5,0
326.0,6.0,1.0,2.0,19.0,1.0,1,0
83.0,19.0,2.0,3.0,22.0,2.0,1,0
232.0,17.0,39.75,6.75,37.125,2.8125,16,0
315.0,14.0,13.0,9.0,52.0,1.1666666666666667,6,0
0.0,0.0,0.0,0.0,0.0,0.0,0,0
197.0,10.0,3.0,3.0,0.0,0.0,0,0
79.0,14.0,1.0,1.0,0.0,0.0,0,0
428.0,4.0,2.0,1.0,0.0,0.0,0,0
132.0,13.0,1.0,2.0,41.0,1.0,1,0
204.0,6.0,12.0,45.0,39.5,1.7,20,0
581.0,1.0,1.0,1.0,0.0,0.0,0,0
151.0,20.0,1.0,1.0,0.0,0.0,0,0
251.0,0.0,4.0,3.0,36.0,1.0,1,0
268.0,7.0,1.0,1.0,0.0,0.0,0,0
142.0,7.0,3.0,2.0,0.0,0.0,0,0
164.0,9.0,3.5,3.0,18.1,3.9,10,0
148.0,18.0,1.0,2.0,32.0,1.0,1,0
72.0,4.0,1.0,3.0,43.61764705882353,1.9705882352941178,34,0
721.0,4.0,5.0,8.0,0.0,0.0,0,0
258.0,14.0,1.0,0.0,0.0,0.0,0,0
17.0,8.0,14.0,14.0,0.0,0.0,0,0
89.0,3.0,2.0,2.0,69.13333333333334,2.6,15,0
286.0,9.0,1.0,1.0,0.0,0.0,0,0
435.0,7.0,4.0,2.0,148.0,1.0,1,0
0.0,0.0,0.0,0.0,0.0,0.0,0,0
138.0,8.0,6.0,6.0,13.5,2.0,2,0
223.25,6.5,18.25,6.25,85.0,1.8518518518518519,27,0
177.5,8.5,5.5,4.5,39.333333333333336,1.6666666666666667,3,0
343.0,8.0,1.0,2.0,14.0,1.6666666666666667,3,0
132.0,6.0,4.0,5.0,253.0,2.0,1,0
639.0,3.0,6.0,1.0,0.0,0.0,0,0
597.0,15.0,3.0,0.0,79.5,1.0,2,0
56.0,20.0,46.0,18.0,0.0,0.0,0,0
111.0,12.0,2.0,3.0,21.0,1.0,1,0
0.0,0.0,0.0,0.0,132.4418604651163,1.2790697674418605,43,0
145.0,4.0,8.0,7.0,73.5,1.0,4,0
162.75,7.75,5.75,5.25,46.8,1.3,10,0
378.5,12.5,6.5,16.5,71.78571428571429,1.4285714285714286,14,0
249.0,9.5,2.0,4.5,69.0,1.4,5,0
92.0,1.0,1.0,1.0,0.0,0.0,0,0
582.0,3.0,1.0,1.0,92.5,1.0,2,0
279.0,7.2,5.4,1.9,43.75,1.75,4,0
69.0,3.0,2.0,9.0,9.5,1.0,4,0
290.0,6.0,1.0,1.0,0.0,0.0,0,0
322.0,10.0,3.0,0.0,0.0,0.0,0,0
235.0,2.0,8.0,2.0,0.0,0.0,0,0
262.0,5.0,2.0,0.0,0.0,0.0,0,0
197.0,4.0,1.0,1.0,73.33333333333333,0.6666666666666666,3,0
0.0,0.0,0.0,0.0,0.0,0.0,0,0
62.0,5.0,2.0,3.0,10.5,2.0,2,0
50.0,6.0,1.0,2.0,0.0,0.0,0,0
69.0,11.0,6.0,5.0,21.333333333333332,1.0,6,0
1337.0,6.0,1.0,0.0,25.0,2.0,1,0
255.0,7.0,15.0,4.0,0.0,0.0,0,0
269.0,7.0,1.0,0.0,49.04,1.48,25,0
424.0,1.0,2.0,3.0,24.0,1.0,1,0
125.0,8.0,21.0,3.0,124.0,0.0,1,0
162.0,7.0,1.0,1.0,0.0,0.0,0,0
117.0,7.0,17.0,2.0,46.0,1.0,1,0
258.0,4.0,2.0,0.0,0.0,0.0,0,0
513.0,7.0,3.0,7.0,30.5,2.0,4,0
101.0,7.0,10.0,5.0,0.0,0.0,0,0
201.5,6.75,3.0,9.75,83.85698198198199,1.5033783783783783,888,0
1617.0,7.0,8.0,4.0,8.5,1.5,2,0
121.0,11.0,1.0,2.0,51.5,1.0,2,0
34.0,3.0,4.0,0.0,0.0,0.0,0,0
59.666666666666664,7.666666666666667,5.333333333333333,4.666666666666667,15.0,2.6666666666666665,3,0
113.0,8.0,2.0,7.0,35.0,1.0,2,0
338.0,8.5,6.0,4.0,54.857142857142854,1.2857142857142858,7,0
168.0,6.0,1.0,2.0,0.0,0.0,0,0
280.0,4.0,42.0,13.0,6.0,1.0,1,0
117.0,9.0,2.0,0.0,0.0,0.0,0,0
125.0,12.0,5.0,5.0,0.0,0.0,0,0
253.0,16.0,3.0,2.0,108.0,1.0,1,0
8.0,8.0,1.0,0.0,0.0,0.0,0,0
311.0,8.0,5.0,2.0,55.0,2.0,1,0
198.0,3.0,1.0,1.0,0.0,0.0,0,0
69.0,9.0,1.0,1.0,0.0,0.0,0,0
119.0,6.0,2.0,0.0,20.0,1.0,1,0
476.0,7.0,1.0,2.0,0.0,0.0,0,0
667.0,12.0,11.0,8.0,33.666666666666664,1.6666666666666667,3,0
90.0,4.0,2.0,4.0,32.5,1.0,2,0
194.0,7.0,5.0,13.0,9.666666666666666,1.0,3,0
431.0,8.0,5.0,3.0,0.0,0.0,0,0
355.0,5.0,6.0,4.0,0.0,0.0,0,0
96.0,5.0,302.0,16.0,60.5,1.5,2,0
741.0,17.0,0.0,2.0,0.0,0.0,0,0
339.0,9.666666666666666,2.3333333333333335,3.6666666666666665,160.8,1.0,5,0
74.0,14.0,2.0,1.0,115.25,4.0,4,0
0.0,0.0,0.0,0.0,74.0,1.0,1,0
465.0,5.0,2.0,0.0,170.0,1.4285714285714286,21,0
478.0,3.0,1.0,0.0,0.0,0.0,0,0
34.0,16.0,1.0,1.0,0.0,0.0,0,0
678.0,5.0,3.0,1.0,0.0,0.0,0,0
470.0,29.0,5.0,7.0,45.666666666666664,1.3333333333333333,3,0
59.0,12.0,2.0,5.0,53.0,2.0,1,0
3.0,15.0,4.0,13.0,56.6,1.0,5,0
75.0,6.0,3.0,4.0,33.25,1.0,4,0
25.0,5.0,1.0,0.0,0.0,0.0,0,0
153.0,4.0,1.0,2.0,248.22222222222223,1.4444444444444444,9,0
1383.0,8.0,2.0,2.0,0.0,0.0,0,0
128.5,6.833333333333333,4.0,3.8333333333333335,71.75,3.75,12,0
93.0,1.0,1.0,2.0,0.0,0.0,0,0
363.5,5.0,92.5,11.0,40.0,2.5,2,0
378.0,11.0,5.0,3.0,0.0,0.0,0,0
799.0,6.0,2.0,3.0,34.0,1.2,5,0
295.0,10.0,1.0,1.0,0.0,0.0,0,0
123.0,3.0,1.0,0.0,0.0,0.0,0,0
49.0,2.0,7.0,3.0,0.0,0.0,0,0
187.0,3.0,1.0,3.0,32.0,0.0,1,0
214.5,1.5,1.0,1.0,0.0,0.0,0,0
202.0,18.0,2.0,2.0,0.0,0.0,0,0
139.0,7.0,6.0,5.0,29.333333333333332,1.3333333333333333,3,0
255.0,5.5,10.0,7.0,28.25,1.0,4,0
71.0,8.0,3.0,1.0,0.0,0.0,0,0
294.0,9.0,2.0,2.0,111.0,1.2,5,0
252.0,2.0,1.0,2.0,0.0,0.0,0,0
481.0,38.0,218.0,76.0,59.0,2.0,1,0
294.0,20.0,5.0,4.0,43.5,2.5,4,0
0.0,0.0,0.0,0.0,0.0,0.0,0,0
245.0,2.0,3.0,1.0,0.0,0.0,0,0
748.0,3.0,15.0,11.0,59.0,1.1666666666666667,6,0
204.0,11.0,3.0,2.0,0.0,0.0,0,0
656.5,5.0,1.5,1.5,54.666666666666664,3.0,3,0
911.0,11.0,1.0,1.0,0.0,0.0,0,0
153.0,3.0,0.0,4.0,43.5,1.5,2,0
0.0,0.0,0.0,0.0,0.0,0.0,0,0
455.0,10.0,6.0,6.0,0.0,0.0,0,0
398.0,16.0,1.0,4.0,51.0,1.0,2,0
82.0,7.0,1.0,4.0,48.0,1.0,1,0
29.0,6.0,2.0,0.0,22.0,1.0,1,0
43.0,10.0,8.0,2.0,0.0,0.0,0,0
58.0,3.0,3.0,2.0,1.0,1.0,1,0
0.0,0.0,0.0,0.0,82.0,1.0,1,0
256.0,9.0,2.0,1.0,0.0,0.0,0,0
0.0,0.0,0.0,0.0,0.0,0.0,0,0
88.0,4.0,15.0,8.0,32.0,2.0,1,0
299.0,12.0,1.0,4.0,182.5,1.0,2,0
517.0,14.0,2.0,6.0,59.0,2.0,2,0
483.0,5.0,2.0,4.0,39.0,2.0,2,0
429.0,1.0,1.0,2.0,9.0,1.0,1,0
80.0,2.0,3.0,4.0,54.148148148148145,1.7407407407407407,27,0
575.0,10.0,39.5,8.0,46.1875,4.25,16,0
702.0,4.0,1.0,3.0,116.0,1.0,1,0
461.0,8.0,3.0,0.0,0.0,0.0,0,0
91.0,4.0,1.0,4.0,3.0,2.0,1,0
159.33333333333334,8.333333333333334,2.3333333333333335,0.6666666666666666,0.0,0.0,0,0
90.0,6.0,1.0,5.0,4.0,1.0,2,0
76.0,7.0,2.0,2.0,36.0,1.0,1,0
506.0,25.0,1.0,1.0,0.0,0.0,0,0
1034.0,22.0,5.0,2.0,0.0,0.0,0,0
0.0,0.0,0.0,0.0,0.0,0.0,0,0
586.0,5.0,5.0,4.0,550.0,1.0,1,0
697.0,6.0,4.0,5.0,40.0,1.0,2,0
381.0,5.0,2.0,6.0,0.0,0.0,0,0
229.0,9.0,20.0,13.0,67.5,3.25,4,0
35.0,6.0,1.0,1.0,0.0,0.0,0,0
99.0,20.0,3.0,0.0,0.0,0.0,0,0
148.0,11.0,2.0,0.0,0.0,0.0,0,0
253.0,4.0,0.0,1.0,0.0,0.0,0,0
180.0,10.0,2.0,4.0,9.5,1.0,2,0
67.0,3.0,3.0,0.0,0.0,0.0,0,0
407.0,19.0,3.0,6.0,27.285714285714285,3.4285714285714284,7,0
0.0,0.0,0.0,0.0,9.0,3.0,1,0
265.0,14.0,2.0,0.0,0.0,0.0,0,0
52.0,4.0,1.0,1.0,0.0,0.0,0,0
285.0,4.0,1.0,0.0,0.0,0.0,0,0
187.0,6.0,1.0,1.0,0.0,0.0,0,0
227.71428571428572,8.428571428571429,12.428571428571429,6.571428571428571,35.63636363636363,1.3636363636363635,11,0
623.0,35.0,9.0,6.0,0.0,0.0,0,0
36.0,2.0,3.0,5.0,18.5,1.0,2,0
154.33333333333334,4.0,2.0,7.0,55.0,2.0,21,0
235.0,3.0,1.0,6.0,44.94444444444444,1.3333333333333333,18,0
0.0,0.0,0.0,0.0,0.0,0.0,0,0
181.0,11.0,8.0,2.0,0.0,0.0,0,0
335.0,8.0,4.0,5.0,16.333333333333332,1.0,3,0
0.0,0.0,0.0,0.0,34.8,1.0,5,0
510.0,13.0,6.0,4.0,118.0,1.0,2,0
1415.0,33.0,5.0,2.0,55.0,1.0,1,0
70.0,12.0,0.0,1.0,223.0,3.0,1,0
408.0,8.0,5.0,0.0,0.0,0.0,0,0
217.0,3.0,2.0,6.0,26.0,1.0,2,0
631.0,4.0,2.0,1.0,0.0,0.0,0,0
1184.0,20.0,16.0,3.0,126.5,3.0,2,0
0.0,0.0,0.0,0.0,0.0,0.0,0,0
54.0,9.0,4.0,0.0,0.0,0.0,0,0
404.0,8.0,6.0,2.0,0.0,0.0,0,0
17.0,47.0,0.0,0.0,0.0,0.0,0,0
162.0,8.0,1.0,4.0,65.0,1.0,1,0
330.0,4.0,1.0,1.0,0.0,0.0,0,0
31.0,9.0,12.0,6.0,189.75,4.0,4,0
243.5,4.0,1.0,1.5,67.0,1.0,3,0
68.0,7.0,4.0,2.0,32.5,3.0,2,0
0.0,0.0,0.0,0.0,29.75,1.5,4,0
171.0,9.0,1.0,2.0,40.0,1.0,1,0
124.625,8.125,6.5,10.5,92.2439024390244,2.292682926829268,41,0
375.0,8.0,2.0,8.0,16.333333333333332,1.6666666666666667,3,0
0.0,0.0,0.0,0.0,0.0,0.0,0,0
270.0,6.0,22.0,1.0,86.0,1.5,2,0
810.0,23.0,18.0,8.0,87.66666666666667,1.0,3,0
685.0,20.0,31.0,13.0,281.0,2.0,1,0
294.0,3.0,10.0,3.0,0.0,0.0,0,0
180.0,18.0,1.0,2.0,0.0,0.0,0,0
218.0,10.0,2.0,2.0,36.111111111111114,3.5555555555555554,9,0
562.0,9.0,1.0,7.0,87.0,1.0,3,0
167.0,9.0,2.0,2.0,0.0,0.0,0,0
113.0,7.0,3.0,0.0,0.0,0.0,0,0
557.0,7.0,2.0,0.0,0.0,0.0,0,0
181.0,1.0,3.0,2.0,21.0,1.0,1,0
184.0,5.0,1.0,5.0,28.0,1.0,2,0
74.0,5.0,1.0,1.0,80.5,1.0,2,0
497.0,4.0,1.0,2.0,68.66666666666667,1.3333333333333333,3,0
56.0,2.0,4.0,2.0,8.0,2.0,1,0
75.0,8.0,2.0,6.0,64.41666666666667,2.3333333333333335,12,0
126.0,7.0,8.0,3.0,0.0,0.0,0,0
158.0,5.0,3.0,4.0,135.5,1.25,4,0
121.66666666666667,13.0,35.0,12.333333333333334,56.95,1.65,20,0
96.0,7.0,2.0,6.0,24.0,1.5,2,0
291.0,7.0,5.0,0.0,62.0,1.0,1,0
27.0,7.0,30.0,41.0,27.0,0.0,1,0
300.0,8.0,10.0,1.0,0.0,0.0,0,0
296.0,4.0,1.0,2.0,0.0,0.0,0,0
424.0,15.0,5.0,4.0,55.0,3.0,2,0
178.0,4.0,1.0,2.0,0.0,0.0,0,0
274.0,2.0,11.0,13.0,66.66666666666667,1.0,6,0
722.0,21.0,3.0,7.0,85.66666666666667,1.3333333333333333,3,0
55.0,8.0,2.0,2.0,0.0,0.0,0,0
366.0,4.0,2.0,5.0,60.5,1.0,2,0
39.5,9.0,2.0,6.0,38.42857142857143,1.5714285714285714,7,0
236.0,3.0,1.0,1.0,0.0,0.0,0,0
556.0,10.0,1.0,0.0,0.0,0.0,0,0
136.0,2.0,2.0,3.0,56.0,1.5,2,0
37.0,3.0,34.0,21.0,36.0,5.166666666666667,6,0
320.0,5.0,2.0,0.0,42.0,4.0,1,0
148.5,30.0,7.5,6.5,78.0,1.0,1,0
98.0,14.0,3.0,9.0,65.75,1.75,4,0
187.0,4.0,12.0,3.0,69.5,1.0,2,0
69.0,5.0,84.0,68.0,37.0,8.4,5,0
54.0,2.0,3.0,3.0,90.0,1.0,1,0
335.0,14.0,3.0,4.0,0.0,0.0,0,0
250.0,6.0,13.0,6.0,0.0,0.0,0,0
205.0,7.0,1.5,1.5,0.0,0.0,0,0
204.0,8.0,2.0,3.0,15.5,1.0,2,0
511.0,6.0,9.0,5.0,120.0,2.0,2,0
247.0,1.0,1.0,1.0,39.0,1.0,1,0
42.0,7.0,5.0,3.0,14.0,1.0,1,0
194.0,4.0,1.0,0.0,0.0,0.0,0,0
173.0,6.0,2.0,1.0,0.0,0.0,0,0
325.5,5.0,3.0,1.5,116.0,1.0,1,0
81.0,6.0,3.0,0.0,0.0,0.0,0,0
425.5,5.5,0.5,0.0,0.0,0.0,0,0
216.5,2.5,1.0,0.0,0.0,0.0,0,0
216.0,18.0,3.0,1.0,0.0,0.0,0,0
216.5,3.5,24.0,3.5,88.33333333333333,1.4444444444444444,9,0
148.0,6.0,7.0,7.0,30.0,2.0,2,0
28.0,4.0,1.0,0.0,84.5,1.0,2,0
1723.0,4.0,4.0,2.0,435.0,1.0,1,0
155.0,5.0,2.0,4.0,0.0,0.0,0,0
120.0,2.5,5.0,6.0,10.0,1.0,6,0
330.0,19.0,6.0,6.0,0.0,0.0,0,0
261.0,25.0,2.0,6.0,103.25,1.0,4,0
50.5,4.25,5.25,3.75,30.642857142857142,1.6428571428571428,14,0
272.0,4.0,3.0,6.0,24.0,3.0,1,0
0.0,0.0,0.0,0.0,0.0,0.0,0,0
292.0,7.0,3.0,1.0,0.0,0.0,0,0
667.0,4.0,1.0,1.0,0.0,0.0,0,0
295.0,3.0,1.0,0.0,0.0,0.0,0,0
75.0,1.0,1.0,3.0,0.0,0.0,0,0
175.0,2.0,1.0,0.0,0.0,0.0,0,0
191.33333333333334,4.777777777777778,9.11111111111111,4.444444444444445,83.625,1.5,16,0
384.0,3.0,11.0,3.0,56.0,2.0,1,0
147.5,6.5,1.0,4.0,23.0,1.5,2,0
1.0,7.0,1.0,0.0,47.0,3.0,1,0
161.0,14.0,21.0,35.0,86.0,2.0,3,0
263.0,7.0,0.0,0.0,0.0,0.0,0,0
